loc,lat,long,km_from_Gaza
אבו סנאן,32.95803,35.171969,164.103
אבו קרינאת,31.103115,34.952003,59.892
אבו קרינאת והפזורה,31.103115,34.952003,59.892
אבו תלול,31.142612,34.913514,54.461
אבו-גוש,31.806293,35.109193,59.558
אבו-תלול והפזורה,31.142612,34.913514,54.461
אבטליון,32.835781,35.350442,159.588
אביאל,32.531346,34.993493,114.064
אביבים,33.089381,35.470338,189.547
אביגדור,31.711901,34.740369,25.101
אביעזר,31.681996,35.018821,46.114
אבירים,33.038086,35.286044,176.58
אבן יהודה,32.2700426,34.8809634,83.353
אבן מנחם,33.075143,35.295219,180.664
אבן ספיר,31.7625,35.134991,59.615
אבן שמואל,31.576429,34.762963,19.623
אבני איתן,32.824808,35.765777,181.668
אבשלום,31.195397,34.3312,6.5
אדמית,33.078842,35.20951,177.811
אדרת,31.659715,34.99444,43.158
אודים,32.266865,34.846995,81.66
אודם,33.1933716,35.7495651,213.082
אוהד,31.238436,34.431893,9.604
אום אל פחם,32.517127,35.148529,119.547
אום אל קוטוף,32.468084,35.059149,110.608
אום אל-גנם,32.684167,35.396944,147.887
אום אל-פחם,32.517127,35.148529,119.547
אום בטין,31.2767437,34.8829215,41.938
אום בטין והפזורה,31.2767437,34.8829215,41.938
אופקים,31.311337,34.622824,22.404
אור הגנוז,33.005183,35.446736,180.348
אור הנר,31.556197,34.602305,4.223
אור יהודה,32.029748,34.856173,59.25
אור עקיבא,32.509965,34.920394,109.165
אורה,31.752109,35.150165,60.497
אורות,31.7404373382382,34.7355540017031,27.208
אורטל,33.086236,35.758661,203.854
אורים,31.304094,34.524868,14.445
אורנים,32.711224,35.109579,136.751
אורנית,32.131924,34.99081,75.969
אושה,32.796458,35.114584,145.533
אזור,32.0245041,34.8058575,56.106
אזור תעשייה אכזיב מילואות,33.048379,35.102177,171.034
אזור תעשייה אלון התבור,32.6369244081114,35.3613563110174,141.684
אזור תעשייה אפק ולב הארץ,32.1060921,34.9687576,72.432
אזור תעשייה באר טוביה,31.7234649,34.7513313,26.747
אזור תעשייה בני יהודה,32.802322,35.715587,176.726
אזור תעשייה בר-לב,32.9037416,35.1941013,159.443
אזור תעשייה ברוש,31.7355511839015,34.9585295275083,43.272
אזור תעשייה דימונה,31.069419,35.033363,68.149
אזור תעשייה הדרומי אשקלון,31.636089,34.554535,7.518
אזור תעשייה הר טוב - צרעה,31.762653,34.966931,45.473
אזור תעשייה חבל מודיעין,32.007819,34.9606546,63.591
אזור תעשייה חצור הגלילית,32.980382,35.543548,182.76
אזור תעשייה כנות,31.8015171931375,34.7592003778351,33.823
אזור תעשייה כרמיאל,32.926254,35.319066,166.886
אזור תעשייה מבואות הגלבוע,32.5656671,35.4124355,138.326
אזור תעשייה נ.ע.מ,31.4240609183351,34.6018160665372,11.643
אזור תעשייה ניר עציון,32.699125,34.992526,131.162
אזור תעשייה נשר - רמלה,31.917901,34.891979,51.818
אזור תעשייה עד הלום,31.78196,34.6694,26.688
אזור תעשייה עידן הנגב,31.380758,34.785969,27.425
אזור תעשייה צ.ח.ר,32.9705521,35.5646455,182.94
אזור תעשייה ציפורית,32.760576,35.317877,150.87
אזור תעשייה צמח,32.7034694317863,35.5869426878515,160.55
אזור תעשייה צפוני אשקלון,31.664701,34.59809,12.451
אזור תעשייה קדמת גליל,32.785384,35.4630677,160.629
אזור תעשייה קיסריה,32.4818848,34.9477286,107.296
אזור תעשייה קריית גת,31.606178,34.783263,22.263
אזור תעשייה רגבים,32.52344,35.033987,114.925
אזור תעשייה רמת דלתון,33.027853,35.47685,183.941
אזור תעשייה שחורת,29.597881,34.9718911,191.78
אזור תעשייה שער נעמן,32.893398,35.091562,154.607
אזור תעשייה תימורים,31.716336,34.761356,26.846
אזור תעשייה תרדיון,32.867686,35.273122,159.133
אחווה,31.742893,34.767848,29.392
אחוזם,31.552682,34.770151,20.044
אחוזת ברק,32.643101,35.338893,141.026
אחיהוד,32.907405,35.171715,158.949
אחיסמך,31.931906,34.908576,54.021
אחיעזר,31.981671,34.871821,55.963
איבטין,32.759963,35.114601,141.846
איבים,31.533597,34.609697,4.852
איילת השחר,33.021115,35.576732,188.239
אילון,33.062526,35.219162,176.493
אילות,29.580548,34.963023,193.285
אילניה,32.753908,35.408188,154.834
אילת,29.557669,34.951925,195.307
אירוס,31.9285746,34.7766539,45.758
איתן,31.572213,34.747909,18.137
אכסאל,32.682085,35.320743,143.656
אל סייד,31.281719,34.916298,43.972
אל עזי,31.718868,34.814254,30.806
אל עריאן,32.498076,35.125094,116.598
אל פורעה,31.2288086748377,35.1645333856259,66.783
אל רום,33.180519,35.770095,212.989
אל-ח'וואלד מערב,32.758894,35.158374,143.502
אל-סייד והפזורה,31.281719,34.916298,43.972
אלומה,31.652041,34.742872,20.97
אלומות,32.706628,35.546088,158.366
אלון הגליל,32.756874,35.220294,145.962
אלון שבות,31.654871,35.125256,55.039
אלוני אבא,32.730945,35.172028,141.309
אלוני הבשן,33.044087,35.838507,204.675
אלוני יצחק,32.509997,35.0052,112.392
אלונים,32.721459,35.143399,139.158
אלי עד,32.806583,35.736575,178.358
אליפלט,32.947834,35.548516,180.008
אלישמע,32.154778,34.930461,74.634
אלמגור,32.912709,35.60231,179.695
אלעד,32.04953,34.95075,66.53
אלעזר,31.659676,35.143074,56.804
אלפי מנשה,32.170631,35.014858,80.742
אלקוש,33.034294,35.326348,177.847
אלקנה,32.110566,35.032054,76.664
אמונים,31.743885,34.674492,23.804
אמירים,32.937351,35.450365,174.066
אמנון,32.904989,35.571136,177.3
אניעם,32.956638,35.739718,191.338
אעבלין,32.821799,35.19012,151.075
אעצם,31.2968415073093,34.9032308563051,41.95
אפיק,32.779428,35.702994,174.029
אפיקים,32.680564,35.57773,158.059
אפק,32.838316,35.12778,150.278
אפרת,31.653589,35.149934,57.298
ארבל,32.8241667,35.4986111,166.062
ארז,31.5605839957205,34.5665005039878,1.665
אריאל,32.104637,35.174514,84.957
ארסוף,32.212841,34.815977,74.996
אשבול,31.445516,34.666654,14.128
אשבל,32.876984,35.30601,161.498
אשדוד - א,31.804381,34.655314,27.881
"אשדוד - א,ב,ד,ה",31.8032500697316,34.647445972582,27.365
אשדוד - אזור תעשייה צפוני ונ,31.832549376313,34.6794402417561,31.748
אשדוד - איזור תעשייה צפוני,31.832549376313,34.6794402417561,31.748
אשדוד - ג,31.8021533926547,34.6620138963342,28.04
"אשדוד - ג,ו,ז",31.7956978977684,34.6600813304753,27.352
אשדוד - ח,31.7875644040759,34.6542456235291,26.298
"אשדוד - ח,ט,י,יג,יד,טז",31.7787360933131,34.6524198487335,25.41
אשדוד - יא,31.7845740935601,34.6313075231948,24.796
אשדוד -יא,31.7845740935601,34.6313075231948,24.796
"אשדוד -יא,יב,טו,יז,מרינה,סיט",31.7845740935601,34.6313075231948,24.796
אשדות יעקב איחוד,32.65877,35.579637,156.345
אשדות יעקב מאוחד,32.664808,35.582769,157.048
אשחר,32.885084,35.299622,162.002
אשכולות,31.391171,34.904856,36.474
אשל הנשיא,31.326828,34.697497,25.657
אשקלון,31.6687885,34.5742523,11.315
אשקלון - דרום,31.6570475489484,34.5600148067032,9.44
אשקלון - צפון,31.685971620925,34.5742779021387,12.744
אשרת,32.971645,35.1557,164.904
אשתאול,31.780385,35.010102,49.988
אתר דודאים,31.319078,34.727616,28.086
אתר ההנצחה גולני,32.777359,35.410278,157.099
באקה אל גרבייה,32.422891,35.035764,105.162
באר גנים,31.7003539,34.610934,16.249
באר טוביה,31.737127,34.72557,26.341
באר יעקב,31.943507,34.83904,50.732
באר שבע - דרום,31.2400864149329,34.7777992968522,37.934
באר שבע - מזרח,31.2415480152455,34.8142212562279,39.973
באר שבע - מערב,31.2592766519327,34.775455475564,36.108
באר שבע - צפון,31.2772116535222,34.8025583034712,36.292
בארות יצחק,32.042025,34.910221,63.433
בארותיים,32.321039,34.98343,92.914
בארי,31.424513,34.492567,5.334
בוסתן הגליל,32.948636,35.080688,159.958
בועיינה-נוג'ידאת,32.807711,35.36527,157.648
בוקעתא,33.2026572,35.7767723,215.363
בורגתה,32.325972,34.963848,92.477
בטחה,31.333869,34.634318,21.233
ביצרון,31.7949517,34.7293463,31.459
ביר אלמכסור,32.777291,35.220571,147.971
ביריה,32.978108,35.503096,180.508
בית אורן,32.731601,35.00632,134.987
בית אלעזרי,31.844717,34.806627,40.385
בית אריה,32.040059,35.049472,71.734
בית ברל,32.1997359,34.9260732,78.598
בית ג'אן,32.965655,35.381268,173.509
בית ג'ן,32.965655,35.381268,173.509
בית גוברין,31.61288,34.895568,32.758
בית גמליאל,31.856128,34.760947,38.575
בית דגן,32.0017816,34.8297087,55.273
בית הגדי,31.422839,34.607878,12.058
בית הלל,33.208782,35.606515,207.373
בית העמק,32.971014,35.145305,164.469
בית זית,31.783058,35.161117,62.803
בית זרע,32.689296,35.574062,158.571
בית חורון,31.87989,35.124097,65.04
בית חלקיה,31.793001,34.809698,36.177
בית חנן,31.935211,34.775596,46.294
בית חנניה,32.529504,34.926734,111.398
בית חשמונאי,31.890298,34.917599,51.025
בית יהושע,32.262075,34.865418,81.915
בית יצחק - שער חפר,32.33558,34.8895,90.255
בית ירח,32.712784,35.574346,160.579
בית לחם הגלילית,32.734558,35.191271,142.498
בית מאיר,31.794786,35.036753,52.974
בית נחמיה,31.977142,34.953835,60.608
בית ניר,31.647627,34.873107,31.817
בית נקופה,31.804392,35.126876,60.933
בית סוהר השרון,32.2408422,34.8848165,80.633
בית סוהר מגידו,32.5708622,35.1898259,126.655
בית סוהר נפחא,30.726454,34.773525,72.502
בית סוהר צלמון,32.873425,35.44894,167.994
בית סוהר קישון,32.7269133,35.0918998,137.628
בית סוהר שיטה וגלבוע,32.547642,35.41512,136.945
בית ספר אורט בנימינה,32.5497727,34.9549745,114.482
בית ספר שדה מירון,33.0114872,35.3922459,178.455
בית עובד,31.921287,34.774905,45.01
בית עוזיאל,31.87005,34.904858,48.552
בית עזרא,31.736402,34.657514,22.193
בית עלמין תל רגב,32.7672379,35.1243861,142.963
בית עריף,31.995352,34.935103,60.978
בית צבי,32.0784145,34.8217109,61.991
בית קמה,31.446566,34.762248,21.594
בית קשת,32.718446,35.394952,150.889
בית רימון,32.781845,35.327738,153.366
בית שאן,32.497103,35.497336,137.679
בית שמש,31.747041,34.988099,46.342
בית שערים,32.697679,35.179905,138.387
בית שקמה,31.637735,34.610074,10.921
ביתר עילית,31.7010023,35.1119254,55.156
בלפוריה,32.629988,35.296281,137.572
בן זכאי,31.857223,34.727432,36.638
בן עמי,33.005369,35.122218,167.217
בן שמן,31.959019,34.927831,57.475
בני ברק,32.084932,34.835226,63.266
בני דרום,31.82087,34.691609,31.375
בני דרור,32.261795,34.901791,83.434
בני יהודה וגבעת יואב,32.798262,35.69107,174.882
בני נצרים,31.143513,34.316403,9.339
בני עטרות,32.02147,34.910146,61.671
בני עי''ש,31.790235,34.759291,32.896
בני ציון,32.219839,34.868378,77.851
בני ראם,31.769972,34.790463,33.057
בניה,31.843444,34.751793,36.95
בנימינה,32.517078,34.955096,111.149
בסמת טבעון,32.736287,35.1532,141.04
בענה,32.929538,35.271917,165.18
בצרה,32.214541,34.878123,77.761
בצת,33.070047,35.132636,174.27
בקוע,31.827899,34.924732,46.603
בקעות,32.24207,35.452636,114.39
בר גיורא,31.729683,35.073414,52.823
בר יוחאי,32.997704,35.44819,179.701
ברוכין,32.082231,35.094113,78.028
ברור חיל,31.556985,34.646547,8.371
ברוש,31.370721,34.634978,18.298
ברטעה,32.475484,35.091973,112.853
ברכיה,31.668047,34.624296,14.267
ברעם,33.058979,35.433235,184.915
ברקאי,32.476096,35.031044,110.129
ברקן,32.109487,35.106008,81.061
ברקת,32.018344,34.943179,63.436
בת הדר,31.648125,34.597146,10.917
בת ים,32.013186,34.748019,52.281
בת עין,31.657653,35.101101,52.874
בת שלמה,32.600335,35.003837,121.442
בת-ים,32.013186,34.748019,52.281
ג'דידה מכר,32.928656,35.150573,160.322
ג'דיידה-מכר,32.928656,35.150573,160.322
ג'וליס,32.94498,35.184243,163.233
ג'לג'וליה,32.1524568,34.9539749,75.688
ג'סר א-זרקא,32.536262,34.911569,111.576
ג'ש - גוש חלב,33.021266,35.447949,181.948
ג'ת,32.406702469158,35.0348508024412,103.56
גאולים,32.296487,34.943862,88.705
גאליה,31.885644,34.765351,41.338
גבולות,31.211168,34.466199,13.683
גבים,31.506273,34.598949,4.848
גבע בנימין,31.849999,35.273853,75.628
גבע כרמל,32.662163,34.954078,126.047
גבעולים,31.397604,34.593821,13.563
גבעות,31.678899,35.101914,53.538
גבעות בר,31.357209,34.755541,26.924
גבעות עדן,31.662171,35.013876,45.002
גבעת אבני,32.775382,35.436154,158.279
גבעת אלה,32.722007,35.244822,143.701
גבעת ברנר,31.86661,34.802254,41.974
גבעת השלושה,32.09634,34.920628,68.803
גבעת וולפסון,32.7202415,35.0170555,134.185
גבעת וושינגטון,31.817497,34.7289,33.364
גבעת זאב,31.861189,35.167252,67.356
גבעת חביבה,32.395216,35.01179,101.381
גבעת חן,32.16758,34.875514,73.091
גבעת יערים,31.786089,35.09277,57.13
גבעת ישעיהו,31.67168,34.943738,39.026
גבעת כ''ח,32.032091,34.938796,64.331
גבעת ניל''י,32.549043,35.041194,117.768
גבעת עדה,32.517078,34.955096,111.149
גבעת שמואל,32.077299,34.849206,63.243
גבעתי,31.733138,34.679478,23.155
גבעתיים,32.072176,34.808871,60.784
גברעם,31.591461,34.612156,7.048
גבת,32.67656,35.213151,137.852
גדות,33.018208,35.619547,190.193
גדעונה,32.549927,35.359202,133.841
גדרה,31.8123014,34.7770192,35.836
גונן,33.1240353,35.6461519,201.341
גורן,33.055566,35.233619,176.318
גורנות הגליל,33.059286,35.24967,177.3
גזית,32.639307,35.446239,146.683
גזר,31.8592289,34.8844867,46.369
גיאה,31.628467,34.602678,9.715
גיבתון,31.888318,34.79906,43.641
גיזו,31.805585,34.939653,46.088
גילת,31.326321,34.648934,22.806
גינוסר,32.848666,35.523152,169.607
גינתון,31.962801,34.913062,56.874
גיתה,32.967233,35.249125,168.002
גלאון,31.633371,34.848898,29.121
גמזו,31.927217,34.941128,55.57
גן הדרום,31.804056,34.69987,30.422
גן השומרון,32.465007,34.999047,107.66
גן חיים,32.195761,34.906957,77.286
גן יבנה,31.783056,34.703101,28.91
גן נר,32.528706,35.336254,130.659
גן שורק,31.944011,34.758322,46.17
גן שלמה,31.878777,34.798901,42.839
גן שמואל,32.452911,34.949311,104.427
גנות,32.018204,34.825877,56.559
גנות הדר,32.32174,34.900715,89.319
גני הדר,31.8782413,34.857588,46.363
גני טל,31.788573,34.791392,34.682
גני יוחנן,31.859924,34.840827,43.786
גני עם,32.149838,34.903358,72.773
גני תקווה,32.060497,34.873121,62.956
גניגר,32.663419,35.259861,138.842
געש,32.228477,34.824411,76.904
געתון,33.006075,35.213831,170.549
גפן,31.740766,34.878563,37.145
גרופית,29.941617,35.064691,160.695
גשור,32.819941,35.715708,178.209
גשר הזיו,33.040532,35.110563,170.484
גת,31.6274403517996,34.7927755190941,23.902
גת רימון,32.068105,34.881362,64.094
דבוריה,32.69412,35.368513,147.261
דברת,32.646729,35.350085,141.958
דגניה א,32.706938,35.575062,160.125
דגניה ב,32.69907,35.577551,159.609
דוב''ב,33.0508,35.407747,182.977
דור,32.607802,34.923316,119.392
דורות,31.507207,34.645725,8.757
דחי,32.622491,35.343604,139.412
דימונה,31.069419,35.033363,68.149
דיר אל-אסד,32.93445,35.268394,165.52
דיר חנא,32.862316,35.365253,162.827
דישון,33.082318,35.517572,191.076
דלית אל כרמל,32.693796,35.055447,132.879
דלתון,33.016553,35.489911,183.491
דמיידה,32.8149647,35.2265642,151.932
דניאל,31.3155827721411,34.6013377404795,20.579
דפנה,33.23075,35.638268,210.984
דקל,31.2024548608096,34.3476453206836,6.478
דריג'את,31.301885,35.076793,55.54
האון,32.726748,35.622665,164.69
הבונים,32.636586,34.932704,122.692
הגושרים,33.221485,35.623028,209.371
הוד השרון,32.149961,34.8838788,71.812
הודיה,31.676356,34.639275,15.904
הודיות,32.788611,35.435,159.429
הושעיה,32.757927,35.295225,149.524
הזורעים,32.74814,35.499922,159.319
החותרים,32.752311,34.957545,135.566
היוגב,32.612753,35.207483,131.484
הילה,33.0357040844391,35.2450723735497,174.738
המכללה האקדמית כנרת,32.7053927,35.590984,160.959
הסוללים,32.751802,35.238022,146.265
הר אדר,31.824501,35.12966,62.233
הר גילה,31.722058,35.171491,61.248
הר הנגב,30.502778,34.639167,86.747
הר-חלוץ,32.95055,35.312278,168.974
הראל,31.808975,34.947959,46.939
הרדוף,32.763717,35.174663,144.66
הרצליה - מערב,32.1772438548416,34.8094640399948,71.154
הרצליה - מרכז וגליל ים,32.1676490421864,34.8422500335129,71.581
הרצליה - פיתוח,32.1772438548416,34.8094640399948,71.154
הררית יחד,32.845696,35.369257,161.437
ואדי אל חמאם,32.828399,35.491721,166.076
ואדי אל נעם,31.1498515558458,34.8120748226558,45.586
ואדי אל נעם דרום,30.829562,35.0388164,82.457
ורדון,31.663823,34.781766,24.782
זבדיאל,31.6592451,34.7602609,22.787
זוהר,31.5961098026389,34.692130659521,13.749
זיקים,31.607204,34.520968,3.139
זיתן,31.975178,34.891732,56.662
זכרון יעקב,32.573905,34.951977,116.851
זכריה,31.708812,34.944708,40.744
זמר,32.365684,35.034651,99.633
זמרת,31.447853,34.552288,6.736
זמרת ושובה,31.447853,34.552288,6.736
זנוח,31.733813,34.999369,46.616
זרועה,31.459133,34.624161,10.097
זרזיר,32.723291,35.220436,142.701
זרחיה,31.681742,34.746419,23.218
זרעית,33.098985,35.288522,182.804
ח'וואלד,32.758894,35.158374,143.502
חג'אג'רה,32.745208,35.198906,143.876
חגור,32.138591,34.947614,74.089
חד נס,32.927514,35.641408,183.183
חדיד,31.969429,34.932156,58.61
חדרה - מזרח,32.4340458,34.9196518,101.377
חדרה - מערב,32.4382307,34.8993371,101.053
חדרה - מרכז,32.1048557,34.8715204,66.952
חדרה - נווה חיים,32.449572,34.907662,102.515
חוות שיקמים,31.511275,34.633864,7.545
חולדה,31.83215,34.881523,43.979
חולון,32.015833,34.787384,54.371
חולית,31.230563,34.32734,3.297
חולתה,33.052851,35.609244,192.848
חוסן,32.997699,35.298723,173.064
חוסנייה,32.900573,35.322507,164.534
חוקוק,32.878631,35.496654,170.932
חורה,31.300399,34.935688,44.17
חורפיש,33.016688,35.347106,176.984
חורשים,32.137875,34.97102,75.34
חזון,32.90658,35.395291,168.483
חי-בר יטבתה,29.8461746,35.0294647,168.598
חיננית,32.480891,35.173181,117.402
חיפה,32.7940463,34.989571,140.928
חיפה - כרמל ועיר תחתית,32.817137,35.001788,143.724
חיפה - מערב,32.7940463,34.989571,140.928
חיפה - נווה שאנן ורמות כרמל,32.791244,35.014136,141.427
חיפה - קריית חיים ושמואל,32.8340986,35.0667691,147.639
חיפה-מפרץ,32.7940463,34.989571,140.928
חירן,31.3433333,34.9780556,45.083
חלמיש,32.0513,34.7596015,56.538
חלץ,31.57794,34.658391,10.028
חמד,32.017992,34.841265,57.37
חמת גדר,32.6833586,35.6647332,163.602
חניתה,33.087634,35.17343,177.454
חנתון,32.783051,35.245063,149.62
חספין,32.8456305,35.7929907,185.079
חפץ חיים,31.789319,34.799739,35.252
חצב,31.780095,34.770572,32.715
חצור,31.7728043127211,34.7193911285496,28.955
חצור אשדוד,31.772744,34.719366,28.948
חצור הגלילית,32.980382,35.543548,182.76
חצרים,31.240603,34.717427,33.749
חרות,32.240973,34.914127,81.964
חריש,32.4618771,35.0455828,109.388
חרשים,32.957737,35.328217,170.371
חשמונאים,31.932631,35.023269,61.343
טבריה,32.795859,35.530973,165.299
טובא זנגריה,32.96621,35.592018,183.982
טורעאן,32.775137,35.378344,155.25
טייבה,32.266892,35.009675,89.12
טייבה בגלבוע,32.604701,35.444573,143.588
טירה,32.235466,34.950506,83.179
טירת יהודה,32.014833,34.935878,62.701
טירת כרמל,32.762127,34.97298,137.072
טל מנשה,32.483124,35.160699,116.966
טל שחר,31.804404,34.903272,43.355
טל-אל,32.927306,35.182499,161.375
טמרה,32.852247,35.201315,154.569
טמרה בגלבוע,32.634918,35.402699,143.804
טנא עומרים,31.376132,34.957383,41.705
טפחות,32.8685666985534,35.4222507058405,166.198
יבול,31.189458,34.318952,5.744
יבנאל,32.708765,35.503778,156.074
יבנה,31.877958,34.739449,39.155
יגור,32.741532,35.076826,138.531
יגל,31.987792,34.880262,56.996
יד בנימין,31.796685,34.82037,37.153
יד השמונה,31.80955,35.089617,58.118
יד מרדכי,31.586963,34.5575,3.538
יד נתן,31.652961,34.704874,18.149
יד רמב''ם,31.899841,34.900086,50.746
יהוד-מונוסון,32.0340049,34.8859465,61.313
יהל,30.084234,35.128393,150.218
יובלים,32.878163,35.269294,159.996
יודפת,32.836596,35.271481,156.019
יונתן,32.93966,35.795468,193.163
יושיביה,31.444699,34.608784,10.149
יזרעאל,32.562589,35.319425,132.701
יחיעם,32.996109,35.221091,169.814
יטבתה,29.896322,35.059227,164.895
יכיני,31.482205,34.598634,6.636
ינוב,32.307431,34.951384,90.11
ינוח-ג'ת,32.981568,35.241169,169.125
ינון,31.741832,34.780947,30.158
יסוד המעלה,33.05358,35.589013,191.882
יסודות,31.815835,34.865636,41.634
יסעור,32.901145,35.166641,158.122
יעד,32.881225,35.24064,159.079
יעף,32.268254,34.967425,87.113
יערה,33.068013,35.18608,175.87
יערות הכרמל,32.7072314,35.0107234,132.625
יפיע,32.695002,35.28201,142.914
יפית,32.062687,35.474317,103.826
יפעת,32.675853,35.223982,138.292
יפתח,33.128346,35.55203,197.108
יציץ,31.863226,34.861903,45.315
יראון,33.077239,35.454291,187.64
ירוחם,30.987804,34.929741,64.216
ירושלים - אזור תעשייה עטרות,31.85502,35.218686,71.245
ירושלים - דרום,31.768319,35.21371,66.755
ירושלים - כפר עקב,31.8719563,35.2269353,72.838
ירושלים - מזרח,31.7736088218061,35.2405743836158,69.34
ירושלים - מערב,31.7637023634989,35.1671083676042,62.469
ירושלים - מרכז,31.7726544,35.2205221,67.532
ירושלים - צפון,31.7837385790528,35.2178921418203,67.763
ירושלים - צפון ואלונים,31.7837385790528,35.2178921418203,67.763
ירחיב,32.151536,34.967992,76.382
ירכא,32.953492,35.21199,165.156
ירקונה,32.144524,34.897882,71.998
ישובי אומן,32.5648959579295,35.2418748475577,128.733
ישובי יעל,32.552064,35.306548,131.045
ישע,31.247595,34.403091,6.702
ישעי,31.752969,34.962586,44.565
ישרש,31.915667,34.847337,48.886
יתד,31.207042,34.326126,5.678
כאבול,32.8699737,35.2054376,156.507
כאוכב אבו אלהיג'א,32.831888,35.248701,154.555
כברי,33.020985,35.147007,169.672
כדורי,32.70624,35.406304,150.39
כוחלה מכחול,31.287112,35.048572,53.985
כוכב יאיר - צור יגאל,32.220922,34.992405,83.985
כוכב יעקב,31.880152,35.242773,74.589
כוכב מיכאל,31.631482,34.667794,13.934
כורזים ורד הגליל,32.90416,35.550785,176.13
כחל,32.890465,35.511572,172.801
כינרת מושבה,32.723787,35.565242,160.976
כינרת קבוצה,32.714209,35.562746,160.007
כיסופים,31.374545,34.398992,2.435
כיסרא סמיע,32.97232,35.298528,170.537
כישור,32.946651,35.250213,165.986
כלא דמון,32.7332388,35.0233539,135.743
כליל,32.983567,35.199672,167.732
כלנית,32.8751143575447,35.45383796766,168.399
כמון,32.909119,35.360916,167.112
כנות,31.8032159670038,34.7506710554814,33.442
כנף,32.870412,35.697897,181.43
כסייפה,31.249246,35.083681,59.028
כסייפה והפזורה,31.249246,35.083681,59.028
כסיפה,31.249246,35.083681,59.028
כסלון,31.774262,35.048171,52.784
כעביה,32.750389,35.184,143.74
כעביה טבאש,32.748863,35.184271,143.601
כפר אביב,31.831039,34.722577,34.093
כפר אוריה,31.793399,34.944757,45.649
כפר אחים,31.745864,34.755932,28.893
כפר ביאליק,32.821376,35.087749,147.075
כפר ביל''ו,31.870475,34.826734,43.788
כפר בלום,33.172527,35.607938,203.995
כפר בן נון,31.861679,34.947191,50.704
כפר ברא,32.130911,34.970108,74.675
כפר ברוך,32.646048,35.193078,133.98
כפר גדעון,32.644579,35.289278,138.56
כפר גלים,32.76615,34.959511,137.077
כפר גליקסון,32.505824,35.00354,111.908
כפר גלעדי,33.242078,35.574142,209.055
כפר דניאל,31.933521,34.932306,55.566
כפר האורנים,31.919928,35.036911,61.32
כפר החורש,32.701549,35.272956,143.089
כפר המכבי,32.791804,35.114793,145.07
כפר הנגיד,31.887134,34.748725,40.496
כפר הנוער ימין אורד,32.7016302,34.989842,131.329
כפר הנשיא,32.97466,35.602308,185.3
כפר הס,32.247721,34.935137,83.599
כפר הרי''ף וצומת ראם,31.747029,34.790928,31.232
כפר ורבורג,31.718747,34.72868,24.93
כפר ורדים,32.995088,35.269101,171.594
כפר זוהרים,31.622631,34.925669,35.785
כפר זיתים,32.811614,35.465165,163.13
כפר חב''ד,31.990144,34.849103,55.337
כפר חיטים,32.799998,35.50328,164.134
כפר חנניה,32.915993,35.423785,170.749
כפר חסידים,32.752262,35.094212,140.279
כפר חרוב,32.762357,35.66418,170.221
כפר טבאש,32.748016,35.171925,142.99
כפר טרומן,31.980493,34.927696,59.265
כפר יהושע,32.681639,35.151976,135.589
כפר יובל,33.246577,35.597063,210.547
כפר יונה,32.317719,34.933615,90.318
כפר יחזקאל,32.566949,35.360888,135.429
כפר יסיף,32.9520318,35.1599957,163.052
כפר יעבץ,32.273945,34.965463,87.557
כפר כמא,32.721105,35.442834,153.726
כפר כנא,32.7481978,35.3438402,150.99
כפר מימון ותושיה,31.431401,34.53718,7.098
כפר מל''ל,32.167567,34.894744,74.013
כפר מנדא,32.81236,35.258613,153.082
כפר מנחם,31.732077,34.835079,33.263
כפר מסריק,32.891218,35.098414,154.62
כפר מצר,32.647371,35.421551,145.973
כפר מרדכי,31.831504,34.756643,36.246
כפר נהר הירדן,32.768294,35.435627,157.604
כפר נוער בן שמן,31.959019,34.927831,57.475
כפר נטר,32.271928,34.871979,83.168
כפר סאלד,33.196035,35.657993,208.667
כפר סבא,32.178195,34.90761,75.651
כפר סילבר,31.675669,34.612311,14.219
כפר סירקין,32.076684,34.922763,67.184
כפר עבודה,32.255731,34.939669,84.581
כפר עזה,31.483416,34.532291,2.466
כפר עציון,31.6495183299484,35.1150522711182,53.967
כפר פינס,32.482717,35.002063,109.545
כפר קאסם,32.114093,34.972767,73.361
כפר קיש,32.666087,35.44895,149.183
כפר קרע,32.505518,35.054251,114.033
כפר רות,31.910378,35.035309,60.499
כפר שמאי,32.955698,35.457916,176.17
כפר שמואל,31.888259,34.934819,51.962
כפר שמריהו,32.187123,34.823124,72.697
כפר תבור,32.687346,35.419972,149.438
כפר תפוח,32.117973,35.249829,91.015
כפר תקווה,32.701338,35.115035,135.984
כרכום,32.928271,35.606331,181.314
כרכור,32.4728028,34.9742001,107.415
כרם ביבנה,31.8199341,34.7226127,33.165
כרם בן זמרה,33.039224,35.469889,184.699
כרם מהר''ל,32.644325,34.99145,125.48
כרם שלום,31.228281,34.284559,2.077
כרמי גת,31.6056632,34.7737312,21.383
כרמי יוסף,31.848024,34.921347,47.89
כרמיאל,32.914671,35.292417,164.586
כרמיה,31.602695,34.540413,3.759
כרמים,31.333464,34.917879,40.698
כרמית,31.332182,34.896813,39.114
כרמל,32.7427316,35.0483915,137.606
לבון,32.94118,35.286475,166.946
לביא,32.787648,35.440717,159.642
לבנים,32.86379,35.497479,169.613
להב,31.379363,34.871311,34.26
להבות הבשן,33.1412178,35.6478714,203.028
להבות חביבה,32.395216,35.01179,101.381
להבים,31.373835,34.816952,30.243
לוד,31.951014,34.888075,54.356
לוזית,31.688209,34.888222,34.931
לוחמי הגטאות,32.962661,35.096741,161.943
לוטם וחמדון,32.8809646477588,35.360567691357,164.388
לוטן,29.988263,35.086776,157.205
לטרון,31.8383845683341,34.9776266763047,51.168
לימן,33.058732,35.111815,172.42
לכיש,31.560907,34.84409,27.097
לפיד,31.9175632202783,35.0319769718444,60.798
לפידות,32.959801,35.260956,167.737
לקיה,31.324884,34.866219,37.257
לקיה והפזורה,31.324884,34.866219,37.257
מאור,32.425832,35.005289,104.069
מאיר שפיה,32.5914653124683,34.9710381200068,119.33
מבוא ביתר,31.722592,35.106656,55.47
מבוא חורון,31.849598,35.034977,56.222
מבוא חמה,32.736701,35.655207,167.521
מבוא מודיעים,31.933851,34.987999,59.091
מבועים,31.44945,34.654994,13.03
מבטחים,31.242423,34.407488,7.243
מבטחים עמיעוז ישע,31.248463,34.413404,7.65
מבקיעים,31.622518,34.577431,7.54
מבשרת ציון,31.804052,35.157891,63.529
מג'דל כרום,32.920132,35.25665,163.609
מג'דל שמס,33.2690961,35.772122,221.234
מגדים,32.727734,34.960923,133.099
מגדל,32.839494,35.499849,167.521
מגדל העמק,32.6778114,35.2417497,139.325
מגדל עוז,31.640932,35.143139,56.394
מגדלים,32.839494,35.499849,167.521
מגל,32.385556,35.036147,101.596
מגן,31.2982488334904,34.426587766705,5.354
מגן שאול,32.521471,35.306431,128.317
מגשימים,32.044363,34.899834,63.025
מדרשת בן גוריון,30.852297,34.7834,62.282
מודיעין,31.890267,35.010397,57.256
מודיעין - ישפרו סנטר,31.8898011,34.9628105,53.934
מודיעין - ליגד סנטר,31.9217515,34.9681013,56.824
מודיעין עילית,31.932477,35.042265,62.634
מודיעין-מכבים-רעות,31.890267,35.010397,57.256
מולדה,31.261071,34.975564,49.819
מועאוויה,32.531943,35.102853,118.793
מועצה אזורית דרום השרון,32.133539,34.910989,71.655
מוצא עילית,31.793591,35.157,62.944
מוקיבלה,32.514142,35.294806,127.01
מורן,32.921637,35.39481,169.899
מורשת,32.826132,35.231997,153.266
מזור,32.050698,34.931373,65.442
מזכרת בתיה,31.853167,34.842421,43.289
מזרע,32.649879,35.286404,138.905
מזרעה,32.983652,35.098934,164.193
מחניים,32.988845,35.570375,184.925
מחסיה,31.748858,35.00726,48.039
מטווח ניר עם,31.5124589089597,34.5544909742807,1.4
מטולה,33.277232,35.578235,212.643
מטע,31.716522,35.060571,51.149
מי עמי,32.504963,35.146425,118.295
מייסר,32.445246,35.042131,107.617
מיצר,32.768641,35.736356,175.15
מירון,32.985226,35.441643,178.197
מישר,31.815936,34.752588,34.649
מכללת ספיר,31.5090643,34.5944391,4.319
מכמנים,32.905865,35.328991,165.34
מלילות,31.389897,34.595243,14.284
מלכיה,33.098589,35.509624,192.256
ממשית,31.025668,35.064281,73.216
מנוחה,31.656159,34.777273,23.98
מנוף,32.853258,35.237355,156.172
מנות,33.038709,35.195156,173.187
מנחמיה,32.664333,35.555338,155.325
מנחת מחניים,32.988845,35.570375,184.925
מנרה,33.195375,35.543728,203.15
מנשית זבדה,32.706219,35.192415,139.777
מסד,32.8442303848972,35.4232826494466,163.971
מסדה,32.682305,35.597657,159.431
מסילת ציון,31.801449,35.009463,51.182
מסלול,31.323677,34.590761,19.232
מסעדה,33.2321159,35.7555991,216.964
מסעודין אל-עזאזמה,31.199264,34.817449,43.821
מע'אר,32.890704,35.40461,167.42
מעגלים,31.398859,34.598239,13.692
מעגלים גבעולים מלילות,31.397604,34.593821,13.563
מעגן,32.706344,35.600575,161.624
מעגן מיכאל,32.55871,34.917816,114.11
מעון צופיה,31.855517,34.7374628,37.082
מעונה,33.016894,35.263626,173.562
מעיין ברוך,33.239349,35.609359,210.428
מעיין צבי,32.568484,34.940623,115.896
מעיליא,33.027194,35.256304,174.312
מעלה אדומים,31.777369,35.297955,74.578
מעלה אפרים,32.071304,35.4039,98.885
מעלה גמלא,32.888256,35.685966,182.272
מעלה החמישה,31.817429,35.109406,60.178
מעלה מכמש,31.879131,35.305902,79.79
מעלה עירון,32.554128,35.182499,124.714
מעלה צביה,32.8894,35.3314,163.851
מעלה שומרון,32.165406,35.069744,83.595
מעלות תרשיחא,33.015026,35.276017,173.868
מענית,32.457992,35.026573,108.158
מעש,32.063511,34.892639,64.305
מפלסים,31.502206,34.561674,2.483
מצובה,33.062312,35.155705,174.236
מצליח,31.906364,34.871278,49.558
מצפה,32.789973,35.507851,163.487
מצפה אבי''ב,32.837951,35.201059,153.134
מצפה אילן,32.461378,35.068861,110.41
מצפה נטופה,32.801748,35.383501,157.996
מצר,32.440186,35.047702,107.384
מקווה ישראל,32.033333,34.783333,55.848
מרגליות,33.216474,35.544354,205.219
מרום גולן,33.132583,35.777071,209.023
מרחביה מושב,32.6047,35.3081,135.88
מרחביה קיבוץ,32.60585,35.30725,135.94
מרינה,31.680779,34.557664,11.345
מרכז אזורי דרום השרון,32.133539,34.910989,71.655
מרכז אזורי מבואות חרמון,33.000651,35.438202,179.513
מרכז אזורי מרום גליל,33.000651,35.438202,179.513
מרכז אזורי משגב,32.858756,35.259817,157.678
מרכז חבר,32.549097,35.264911,128.503
מרכז ימי קיסריה,32.492613,34.89315,106.436
מרכז מיר''ב,32.64726,34.964089,124.834
מרכז שפירא,31.696927,34.707319,21.775
מרעית,31.288515,35.075736,56.154
משגב דב,31.819054,34.739162,34.148
משגב עם,33.247572,35.548499,208.424
משהד,32.738912,35.322494,149.053
משואות יצחק,31.70261,34.689968,21.258
משמר איילון,31.872478,34.943253,51.268
משמר דוד,31.823558,34.900676,44.6
משמר הירדן,33.003484,35.598271,187.725
משמר הנגב,31.364796,34.717968,23.719
משמר השבעה,32.010891,34.822337,55.701
משמרות,32.486513,34.983892,109.179
משמרת,32.227586,34.922055,81.049
משען,31.656885,34.621607,13.185
מתחם בני דרום,31.82087,34.691609,31.375
מתחם פי גלילות,32.137941,34.804273,67.016
מתחם צומת שוקת,31.3080225,34.9018025,41.078
מתן,32.159377,34.97319,77.373
מתת,33.041684,35.356695,179.858
מתתיהו,31.929747,35.034997,61.925
נאות גולן,32.787026,35.693172,174.068
נאות מרדכי,33.159785,35.595602,202.19
נאות סמדר,30.049079,35.028106,148.551
נבטים,31.219761,34.882488,46.165
נבי סמואל,31.833024,35.180546,66.91
נגבה,31.662547,34.679561,17.171
נהורה,31.621321,34.704496,16.072
נהלל,32.690807,35.19609,138.443
נהריה,33.0085361,35.0980514,166.751
נוב,32.832852,35.783574,183.429
נוגה,31.625691,34.69528,15.593
נווה,31.1597962952126,34.3263501592348,8.424
נווה אטי''ב,33.26202,35.740574,218.972
נווה אילן,31.807585,35.080922,57.297
נווה דניאל,31.67632,35.143293,57.254
נווה זיו,33.027399,35.18433,171.64
נווה חריף,30.039793,35.03649,149.844
נווה ים,32.679769,34.93188,127.177
נווה ימין,32.171692,34.939378,76.66
נווה ירק,32.132729,34.925488,72.352
נווה מבטח,31.806767,34.741231,33.184
נווה מיכאל - רוגלית,31.672754,35.003668,44.426
נווה שלום,31.817427,34.978335,49.791
נועם,31.568567,34.788161,21.874
נוף איילון,31.871215,34.991321,54.506
נוף הגליל,32.711539,35.324812,146.604
נופי פרת,31.823519,35.319875,78.375
נופית,32.763374,35.148316,143.535
נופך,32.043748,34.920306,64.183
נורדיה,32.314656,34.896792,88.451
נורית,32.543238,35.355755,133.057
נחל עוז,31.47268,34.497675,1.82
נחלה,31.66,34.792817,25.471
נחליאל,31.973542,35.140431,72.594
נחלים,32.058597,34.9136,65.07
נחם,31.7664783,35.0035723,48.673
נחף,32.934675,35.31652,167.599
נחשולים,32.61309,34.92225,119.908
נחשון,31.831616,34.955986,49.11
נחשונים,32.063236,34.947011,67.456
נטועה,33.065387,35.323406,180.819
נטור,32.854068,35.752574,183.33
נטעים,31.945689,34.775145,47.217
נטף,31.831276,35.06958,57.756
ניל''י,31.963415,35.04727,65.354
נין,32.630986,35.349399,140.495
ניצן,31.737518,34.630804,20.562
ניצנה,30.885983,34.4225689,39.522
ניצני עוז,32.306084,35.003278,92.454
ניצנים,31.717845,34.634636,19.209
ניר אליהו,32.197593,34.949375,79.576
ניר בנים,31.671177,34.755012,23.133
ניר גלים,31.82552,34.68254,31.278
ניר ח''ן,31.608906,34.714282,16.248
ניר יצחק,31.23604,34.356702,3.392
ניר ישראל,31.692156,34.638071,17.154
ניר משה,31.477456,34.630085,9.171
ניר עוז,31.309697,34.402075,2.761
ניר עם,31.518459,34.580544,2.638
ניר עציון,32.699125,34.992526,131.162
ניר עקיבא,31.469933,34.646166,10.871
ניר צבי,31.954403,34.861529,53.041
נירים,31.33573,34.394087,3.061
נירית,32.146206,34.984822,76.866
נמרוד,33.244978,35.750842,217.91
נס הרים,31.744192,35.059406,52.248
נס עמים,32.965465,35.121588,163.072
נס ציונה,31.932111,34.801327,47.487
נעורה,32.61468,35.391133,141.359
נען,31.883208,34.859237,46.889
נצר חזני,31.8214,34.862554,41.876
נצר סרני,31.922789,34.821191,47.89
נצרת,32.699635,35.303546,144.419
נשר,32.7649,35.049191,139.906
נתיב הל''ה,31.687184,34.982523,43.074
נתיב העשרה,31.572407,34.539322,1.373
נתיב השיירה,32.991185,35.130745,166.04
נתיבות,31.423196,34.595254,11.426
נתניה - מזרח,32.321458,34.853196,87.434
נתניה - מערב,32.321458,34.853196,87.434
סאג'ור,32.943109,35.343616,169.621
סאסא,33.02866,35.394569,180.231
סביון,32.045589,34.876578,61.805
סגולה,31.669546,34.778426,24.854
סואעד חמירה,32.766925,35.168158,144.706
סולם,32.6065261125712,35.3334131951371,137.416
סופה,31.238309,34.341987,2.488
סיט,31.7912002547223,34.6394912772076,25.834
סינמה סיטי גלילות,32.1463519,34.8040703,67.845
סכנין,32.864167,35.294547,159.736
סלמה,32.893248,35.370499,166.033
סלעית,32.242589,35.051258,89.169
סנדלה,32.522449,35.32442,129.43
סעד,31.470185,34.534356,3.731
סעייה-מולדה,31.261071,34.975564,49.819
סער,33.028689,35.109232,169.209
ספסופה - כפר חושן,33.013123,35.440171,180.803
סתריה,31.889854,34.842094,46.364
ע'ג'ר,33.272607,35.623637,214.285
עבדון,33.048792,35.179128,173.65
עבדת,30.8327727,34.7712374,63.099
עברון,32.991149,35.100031,165.007
עגור,31.697475,34.912024,37.409
עדי,32.782353,35.173412,146.458
עדנים,32.138798,34.909148,72.044
עוזה,31.593042,34.764524,20.154
עוזייר,32.790614,35.326882,154.157
עולש,32.331969,34.985321,94.052
עומר,31.264305,34.849864,40.492
עופר,32.621882,34.983472,122.894
עופרים,32.040059,35.049472,71.734
עוצם,31.637665,34.705108,17.118
עזר,31.736151,34.671447,22.946
עזריאל,32.262841,34.971133,86.783
עזריה,31.890495,34.911872,50.682
עזריקם,31.751695,34.694818,25.669
עיילבון,32.837949,35.399996,162.215
עיינות,31.9158,34.768097,44.138
עילבון,32.837949,35.399996,162.215
עילוט,32.717249,35.261482,144.031
עין איילה,32.629963,34.944296,122.381
עין אל אסד,32.940754,35.401027,172.023
עין אל-סהלה,32.491481,35.117506,115.604
עין גב,32.783393,35.640119,170.541
עין דור,32.655468,35.416388,146.397
עין הבשור,31.280895,34.443446,7.619
עין הוד,32.700292,34.982716,130.951
עין המפרץ,32.902581,35.09304,155.605
עין השלושה,31.351722,34.403471,3.874
עין ורד,32.264467,34.930705,85.001
עין זיוון,33.09645,35.796313,206.855
עין חוד,32.691361,34.999058,130.585
עין חרוד,32.563099,35.391666,136.878
עין יעקב,33.009312,35.229024,171.453
עין כמונים,32.919813,35.431325,171.477
עין כרמל,32.677912,34.953676,127.672
עין מאהל,32.724295,35.353369,149.248
עין נקובא,31.79391,35.119683,59.793
עין עירון,32.484427,35.010069,110.05
עין צורים,31.694936,34.718683,22.323
עין קנייא,33.2366802,35.7313062,216.144
עין ראפה,31.790605,35.116514,59.359
עין שמר,32.461917,35.00673,107.681
עין שריד,32.274901,34.93418,86.17
עינבר,32.9103231155555,35.4236841495149,170.207
עינת,32.081948,34.937514,68.501
עכו,32.933052,35.082678,158.406
עכו - אזור תעשייה,32.933052,35.082678,158.406
עלומים,31.453049,34.514711,3.973
עלי,32.071177,35.266859,88.709
עלי זהב,32.072227,35.064135,75.357
עלמה,33.05186,35.499636,187.316
עלמון,31.832068,35.296764,76.746
עמוקה,32.997669,35.524801,183.425
עמינדב,31.751705,35.142428,59.8
עמיעד,32.930354,35.540521,177.982
עמיעוז,31.248463,34.413404,7.65
עמיקם,32.564626,35.020326,118.474
עמיר,33.1777261,35.6198305,205.066
עמנואל,32.1605913856803,35.134157456194,87.125
עמקה,32.977664,35.161807,165.739
ענב,32.283594,35.125198,97.018
עפולה,32.610493,35.287922,135.34
עץ אפרים,32.119403,35.046367,78.276
עצמון - שגב,32.865802,35.252335,158.049
עראבה,32.853705,35.337167,160.675
ערב אל עראמשה,33.088834,35.228839,179.531
ערב אל-נעים,32.888073,35.290128,161.876
ערד,31.261447,35.214862,69.299
ערוגות,31.732798,34.77624,29.132
ערוער - ערערה בנגב,31.160927,35.019757,60.194
ערערה,32.496323,35.097292,115.102
ערערה בנגב,31.160927,35.019757,60.194
ערערה-בנגב,31.160927,35.019757,60.194
עשאהל,31.373292,35.0437082,49.394
עשרת,31.824913,34.747459,35.138
עתלית,32.690875,34.942914,128.682
פארק תעשיות פלמחים,31.934509,34.718443,43.292
פארק תעשייה ראם,31.7908506419224,34.757305351266,32.82
פדויים,31.326275,34.612069,20.469
פדיה,31.857768,34.883774,46.203
פוריה כפר עבודה,32.719846,35.545563,159.473
פוריה נווה עובד,32.743763,35.53811,161.114
פוריה עילית,32.732736,35.546162,160.623
פוריידיס,32.597351,34.951899,119.262
פורת,32.277081,34.948816,87.061
פטיש,31.3259948,34.563565,17.12
פלך,32.93367,35.23361,164.017
פלמחים,31.932705,34.706874,42.58
פנימיית עין כרם,31.7671028,35.1623714,62.2
פסגות,31.900674923368,35.2237943234905,74.203
פסוטה,33.04782,35.308827,178.472
פעמי תש''ז,31.437967,34.692875,16.55
פקיעין,32.976209,35.335794,172.514
פרדס חנה,32.4728028,34.9742001,107.415
פרדסיה,32.305011,34.911731,88.119
פרוד,32.933066,35.434318,172.879
פרי גן,31.222015,34.355936,4.667
פתח תקווה,32.084041,34.887762,65.887
פתחיה,31.866957,34.88687,47.16
צאלים,31.203909,34.533359,19.538
צבעון,33.026363,35.416723,181.003
צובה,31.784352,35.117952,59.17
צוחר,31.23717,34.426444,9.139
צוחר ואוהד,31.23717,34.426444,9.139
צופים,32.197318,35.008912,82.758
צופית,32.19488,34.920085,77.843
צור הדסה,31.719374,35.096958,54.484
צור יצחק,32.241478,34.997998,86.166
צור משה,32.298911,34.913117,87.576
צור נתן,32.239673,35.01402,86.855
צוריאל,33.006488,35.31479,174.605
צורית גילון,32.904338,35.232191,161.028
צורן,32.277644,34.919297,85.761
ציפורי,32.7498101865936,35.2766599077972,147.865
צלפון,31.805599,34.931797,45.509
צפריה,32.004315,34.854664,56.902
צפרירים,31.659618,34.944326,38.627
צפת,32.964648,35.495997,178.891
צרופה,32.647822,34.946455,124.307
צרעה,31.762653,34.966931,45.473
קבוצת גבע,32.56653,35.37216,136.041
קבוצת יבנה,31.813987,34.719103,32.452
קדומים,32.21239,35.157388,92.9
קדימה,32.277644,34.919297,85.761
קדימה-צורן,32.277644,34.919297,85.761
קדיתא,33.005954,35.468309,181.445
קדמה,31.7004225,34.7748136,26.612
קדמת צבי,33.029485,35.697744,195.417
קדרון,31.814142,34.795548,37.15
קדרים,32.898886,35.471565,171.514
קוממיות,31.662583,34.7293,20.617
קורנית,32.844412,35.251883,155.924
קטורה,29.97088699999999,35.06135500000001,157.688
קיבוץ דן,33.239637,35.653953,212.584
קיסריה,32.519016,34.904544,109.554
קלחים,31.449795,34.679092,14.706
קלנסווה,32.285791,34.981487,89.463
קלע,33.131601,35.69039,204.316
קציר,32.485178,35.10873,114.58
קצר א-סר,31.083329,34.979579,63.182
קצר-א-סיר,31.083329,34.979579,63.182
קצר-א-סיר והפזורה,31.083329,34.979579,63.182
קצרין,32.990998,35.689865,191.537
קצרין - אזור תעשייה,32.985802,35.706703,192.016
קריית אונו,32.054863,34.858858,61.673
קריית אתא,32.809144,35.119773,147.016
קריית ביאליק,32.832154,35.088407,148.202
קריית גת,31.611148,34.768459,21.104
קריית חינוך מרחבים,31.3145358038931,34.5962663939332,20.283
קריית טבעון-בית זייד,32.702414,35.131109,136.754
קריית ים,32.849276,35.068929,149.278
קריית יערים,31.802774,35.099945,58.602
קריית מוצקין,32.838202,35.079523,148.507
קריית מלאכי,31.730202,34.746996,27.025
קריית ענבים,31.809913,35.120842,60.718
קריית עקרון,31.862547,34.8219576,42.828
קריית שמונה,33.207933,35.570246,205.585
קרית ארבע,31.529326,35.115625,52.88
קרית אתא,32.809144,35.119773,147.016
קרית חינוך מרחבים,31.3138394,34.5749882,18.839
קרית מוצקין,32.838202,35.079523,148.507
קרני שומרון,32.171553,35.097462,85.804
קשת,32.9803956078861,35.8091465673714,197.459
ראמה,32.937112,35.366984,170.094
ראס אל-עין,32.915734,35.372703,168.296
ראס עלי,32.772911,35.155512,144.781
ראש הנקרה,33.08609,35.113455,175.326
ראש העין,32.095838,34.952177,70.567
ראש פינה,32.970422,35.542659,181.791
ראש צורים,31.667791,35.125288,55.367
ראשון לציון - מזרח,31.9621595081432,34.807624859882,50.493
ראשון לציון - מערב,31.9766734994799,34.7727005028649,49.949
רבדים,31.773966,34.814807,34.949
רביד,32.850619,35.464074,166.654
רגבה,32.977493,35.099129,163.56
רגבים,32.52344,35.033987,114.925
רהט,31.394548,34.753934,24.092
רהט והפזורה,31.394548,34.753934,24.092
רווחה,31.648695,34.733681,20.04
רוחמה,31.497378,34.705165,14.472
רומאנה,32.788118,35.311211,153.168
רומת אל הייב,32.777591,35.305683,151.9
רחובות,31.892773,34.811272,44.783
רחלים,32.10246,35.257756,90.379
רטורנו - גבעת שמש,31.774189,34.95055,44.863
ריחאנייה,33.049922,35.487062,186.534
ריחן,32.468752,35.135271,114.335
ריינה,32.719924,35.317654,147.028
רינתיה,32.044365,34.928477,64.728
רכסים,32.749265,35.099581,140.183
רם און,32.528742,35.258657,126.318
רמות,32.850365,35.665245,177.779
רמות השבים,32.16509,34.881543,73.138
רמות מאיר,31.874444,34.855208,45.893
רמות נפתלי,33.102354,35.553313,194.698
רמלה,31.931566,34.872938,51.782
רמת גן,32.068424,34.824785,61.189
רמת גן - מזרח,32.068424,34.824785,61.189
רמת גן - מערב,32.068424,34.824785,61.189
רמת דוד,32.678991,35.204036,137.663
רמת הכובש,32.218313,34.93829,80.956
רמת הנדיב,32.547972,34.944247,113.913
רמת השרון,32.137793,34.840278,68.58
רמת יוחנן,32.793457,35.122208,145.522
רמת ישי,32.704029,35.166003,138.399
רמת מגשימים,32.844066,35.80658,185.778
רמת צבי,32.591962,35.414497,140.717
רמת רזיאל,31.773573,35.074447,54.951
רנן,31.33871,34.600358,18.696
רעים,31.386159,34.458823,5.707
רעננה,32.184781,34.871326,74.556
רקפת,32.8555881255526,35.2641644275818,157.555
רשפון,32.201856,34.824723,74.236
שאנטי במדבר,30.8334415502311,34.7370695331635,60.933
שאר ישוב,33.2263492,35.6468357,210.98
שבי דרום,31.466377,34.638576,10.601
שבי ציון,32.982079,35.083005,163.512
שבלי,32.684167,35.396944,147.887
שגב שלום,31.198361,34.839665,45.203
שגב שלום והפזורה,31.198361,34.839665,45.203
שגב-שלום,31.198361,34.839665,45.203
שדה אברהם,31.211594,34.335692,5.338
שדה אילן,32.75051,35.422429,155.278
שדה אליעזר,33.04647,35.56525,190.02
שדה דוד,31.577476,34.683443,12.275
שדה ורבורג,32.208691,34.90325,78.346
שדה יואב,31.645723,34.676849,15.643
שדה יעקב,32.69756,35.141315,136.702
שדה יצחק,32.404959,34.992168,101.446
שדה משה,31.610982,34.800427,23.977
שדה נחמיה,33.188234,35.62307,206.217
שדה ניצן,31.230035,34.418363,8.67
שדה עוזיהו,31.758437,34.678194,25.31
שדה צבי,31.448747,34.713234,17.413
שדות ים,32.492613,34.89315,106.436
שדות מיכה,31.721354,34.920683,39.372
שדי חמד,32.158488,34.9428062,75.631
שדמה,31.833778,34.74009,35.412
שדמות דבורה,32.696245,35.43641,151.146
שדרות,31.522694,34.595581,3.694
שהם,31.9957581,34.9488403,61.849
שואבה,31.799369,35.079003,56.686
שובה,31.4501874944935,34.5450936566071,6.159
שובל,31.413734,34.745814,22.17
שומרה,33.08247,35.281962,180.884
שומרת,32.95148,35.094955,160.724
שוקדה,31.422098,34.524383,6.962
שורש,31.797488,35.065297,55.455
שורשים,32.892651,35.25856,160.965
שזור,32.933936,35.354523,169.219
שחר,31.618235,34.723746,17.508
שחרות,29.904093,34.999173,161.544
שיבולים,31.396398,34.608144,14.48
שיטים,30.176442,35.016722,135.821
שייח' דנון,32.9938295,35.1485684,166.928
שילת,31.921173,35.014572,59.869
שכניה,32.849186,35.246701,156.17
שלומי,33.072609,35.145945,174.974
שלומית,31.1673893,34.3033322,6.427
שמיר,33.166754,35.659949,206.02
שמשית,32.732527,35.246518,144.792
שניר,33.2403349105004,35.6769811110274,213.773
שעב,32.88967,35.238764,159.839
שעל,33.11653,35.718816,204.431
שעלבים,31.870235,34.984304,53.935
שער אפרים,32.290662,34.999448,90.812
שער הגולן,32.686919,35.604656,160.246
שער העמקים,32.722621,35.110601,137.934
שער מנשה,32.4438777,35.0109759,106.088
שערי תקווה,32.120679,35.026998,77.207
שפיים,32.216586,34.822409,75.626
שפיר,31.697557,34.728181,23.152
שפר,32.944553,35.437848,174.14
שפרעם,32.805765,35.169971,148.651
שקד,32.473745,35.168448,116.496
שרונה,32.0717666,34.7848085,59.648
שריגים - ליאון,31.678567,34.93509,38.541
שריד,32.663059,35.224755,137.105
שרשרת,31.404955234503,34.6048574337178,13.547
שתולה,33.085919,35.315627,182.557
שתולים,31.773687,34.684409,26.937
תארבין,31.345481,34.739126,26.656
תאשור,31.371709,34.643547,18.664
תדהר,31.378858,34.630364,17.323
תובל,32.928495,35.245675,163.989
תחנת רכבת כפר יהושוע,32.681639,35.151976,135.589
תחנת רכבת ראש העין,32.120865,34.934528,71.773
תימורים,31.716336,34.761356,26.846
תירוש,31.750347,34.885915,38.33
תל אביב - דרום העיר ויפו,32.049357,34.758355,56.292
תל אביב - יפו,32.0852999,34.7817676,60.847
תל אביב - מזרח,32.0852999,34.7817676,60.847
תל אביב - מרכז העיר,32.07849,34.773982,59.841
תל אביב - עבר הירקון,32.1093266,34.8390377,65.776
תל חי,33.2360755610591,35.578193151395,208.662
תל יוסף,32.556704,35.398914,136.753
תל יצחק,32.252745,34.872378,81.275
תל מונד,32.256608,34.91846,83.677
תל עדשים,32.657358,35.302478,140.424
תל ערד,31.2782985,35.1266529,60.959
תל ערד ואל פורה,31.2782985,35.1266529,60.959
תל ציון,31.880377,35.239097,74.299
תל קציר,32.706396,35.61786,162.689
תל שבע,31.247569,34.861193,42.554
תלמי אליהו,31.229611,34.429114,9.642
תלמי אלעזר,32.447228,34.974991,104.89
תלמי ביל''ו,31.438055,34.644823,13.096
תלמי יוסף,31.199958,34.363751,7.201
תלמי יחיאל,31.753621,34.764308,30.063
תלמי יפה,31.616857,34.612482,9.258
תלמים,31.563416,34.671998,10.868
תמרת,32.703801,35.225489,141.049
תנובות,32.305863,34.962586,90.476
תעוז,31.801288,34.971972,48.246
תעשיון חצב,32.07173,34.954425,68.628
תעשיון צריפין,31.9638968,34.8490469,53.068
תפרח,31.324471,34.679236,24.905
תקומה,31.448536,34.578085,8.182
תקומה וחוות יזרעם,31.448536,34.578085,8.182
תראבין א-צאנע ופזורה,31.345481,34.739126,26.656
תרום,31.783306,34.980238,47.764
