loc,lat,long,2023-10,2023-11,2023-12,2024-01,2024-02,2024-03,2024-04,2024-05
מטולה,33.2772,35.5782,6.0,3.0,2.0,7.0,9.0,12.0,18.0,42.0
ע'ג'ר,33.2728,35.6242,4.0,4.0,4.0,4.0,5.0,7.0,13.0,23.0
מג'דל שמס,33.2691,35.7721,2.0,0.0,2.0,1.0,1.0,4.0,7.0,1.0
נווה אטי''ב,33.26202,35.740574,2.0,0.0,1.0,1.0,1.0,2.0,6.0,0.0
משגב עם,33.2476,35.5485,7.0,8.0,11.0,9.0,7.0,10.0,14.0,43.0
כפר יובל,33.2466,35.5964,4.0,4.0,4.0,5.0,9.0,11.0,21.0,35.0
נמרוד,33.2453,35.7516,2.0,0.0,2.0,1.0,1.0,2.0,6.0,0.0
כפר גלעדי,33.2421,35.5741,7.0,5.0,9.0,9.0,10.0,14.0,19.0,43.0
קיבוץ דן,33.2406,35.6523,3.0,5.0,5.0,3.0,2.0,5.0,14.0,27.0
שניר,33.2403,35.677,3.0,5.0,4.0,3.0,5.0,8.0,15.0,26.0
מעיין ברוך,33.2393,35.6094,5.0,4.0,4.0,5.0,9.0,11.0,22.0,40.0
עין קנייא,33.2367,35.7313,2.0,1.0,2.0,1.0,3.0,3.0,6.0,0.0
תל חי,33.2334,35.5827,7.0,7.0,14.0,8.0,16.0,15.0,19.0,43.0
מסעדה,33.2321,35.7556,2.0,1.0,3.0,1.0,2.0,2.0,6.0,0.0
דפנה,33.2308,35.6383,4.0,6.0,6.0,3.0,4.0,6.0,16.0,29.0
שאר ישוב,33.2263,35.6468,4.0,5.0,5.0,3.0,4.0,6.0,16.0,27.0
הגושרים,33.2215,35.623,4.0,6.0,6.0,3.0,5.0,9.0,17.0,29.0
מרגליות,33.2165,35.5444,8.0,14.0,18.0,10.0,11.0,14.0,23.0,44.0
בית הלל,33.2088,35.6065,4.0,6.0,5.0,4.0,9.0,12.0,20.0,38.0
קריית שמונה,33.2079,35.5702,11.0,14.0,18.0,15.0,27.0,23.0,25.0,50.0
בוקעתא,33.2027,35.7768,2.0,0.0,1.0,1.0,0.0,2.0,7.0,0.0
כפר סאלד,33.196,35.658,3.0,1.0,3.0,2.0,5.0,6.0,6.0,9.0
מנרה,33.1954,35.5437,6.0,8.0,7.0,7.0,9.0,13.0,21.0,34.0
אודם,33.1934,35.7496,2.0,0.0,0.0,1.0,0.0,3.0,6.0,0.0
שדה נחמיה,33.1882,35.6231,3.0,1.0,4.0,2.0,6.0,5.0,3.0,9.0
אל רום,33.1805,35.7701,2.0,0.0,0.0,1.0,0.0,2.0,6.0,0.0
עמיר,33.1777,35.6198,3.0,1.0,4.0,2.0,5.0,7.0,3.0,9.0
כפר בלום,33.1725,35.6079,3.0,1.0,6.0,3.0,4.0,8.0,3.0,9.0
שמיר,33.1668,35.66,3.0,1.0,3.0,2.0,6.0,5.0,2.0,9.0
נאות מרדכי,33.1598,35.5956,3.0,1.0,5.0,2.0,3.0,5.0,3.0,11.0
להבות הבשן,33.1412,35.6479,3.0,1.0,3.0,2.0,3.0,6.0,2.0,10.0
מרום גולן,33.1326,35.7771,2.0,0.0,0.0,0.0,0.0,0.0,1.0,0.0
קלע,33.1317,35.6839,2.0,0.0,1.0,0.0,0.0,3.0,0.0,4.0
יפתח,33.1283,35.552,5.0,4.0,12.0,18.0,13.0,6.0,7.0,18.0
גונן,33.124,35.6462,3.0,1.0,3.0,2.0,3.0,6.0,3.0,9.0
מרכז אזורי מבואות חרמון,33.1209,35.5699,4.0,4.0,9.0,17.0,11.0,6.0,7.0,16.0
שעל,33.1165,35.7188,2.0,0.0,1.0,0.0,2.0,3.0,1.0,2.0
רמות נפתלי,33.1024,35.5533,4.0,3.0,9.0,19.0,10.0,8.0,9.0,15.0
זרעית,33.099,35.2885,3.0,4.0,12.0,7.0,10.0,8.0,4.0,9.0
מלכיה,33.0986,35.5096,4.0,5.0,11.0,19.0,7.0,7.0,7.0,18.0
עין זיוון,33.0965,35.7963,2.0,0.0,0.0,0.0,0.0,0.0,1.0,0.0
אביבים,33.0894,35.4703,4.0,9.0,7.0,10.0,5.0,3.0,4.0,7.0
ערב אל עראמשה,33.0888,35.2288,6.0,9.0,12.0,15.0,9.0,8.0,19.0,14.0
חניתה,33.0876,35.1734,8.0,4.0,5.0,6.0,8.0,13.0,20.0,15.0
אורטל,33.0862,35.7587,2.0,0.0,0.0,0.0,2.0,0.0,3.0,0.0
ראש הנקרה,33.0861,35.1135,9.0,7.0,4.0,6.0,2.0,10.0,6.0,11.0
שתולה,33.0859,35.3156,4.0,13.0,11.0,3.0,3.0,9.0,5.0,5.0
שומרה,33.0825,35.282,4.0,3.0,7.0,6.0,7.0,8.0,5.0,4.0
דישון,33.0823,35.5176,6.0,6.0,10.0,20.0,7.0,6.0,7.0,14.0
אדמית,33.0788,35.2095,3.0,3.0,4.0,5.0,8.0,5.0,18.0,14.0
יראון,33.0772,35.4543,3.0,8.0,6.0,11.0,5.0,1.0,4.0,7.0
אבן מנחם,33.0751,35.2952,4.0,4.0,7.0,5.0,4.0,7.0,4.0,4.0
שלומי,33.0726,35.1459,14.0,13.0,8.0,10.0,6.0,15.0,12.0,15.0
בצת,33.07,35.1326,13.0,8.0,6.0,4.0,1.0,11.0,9.0,11.0
אזור תעשייה אכזיב מילואות,33.0684,35.1102,11.0,4.0,2.0,2.0,0.0,4.0,6.0,10.0
יערה,33.068,35.1861,3.0,3.0,5.0,3.0,7.0,5.0,17.0,14.0
נטועה,33.0654,35.3234,4.0,2.0,2.0,4.0,2.0,7.0,8.0,9.0
אילון,33.0625,35.2192,3.0,1.0,6.0,4.0,6.0,7.0,14.0,12.0
מצובה,33.0623,35.1557,7.0,4.0,1.0,3.0,4.0,3.0,9.0,12.0
גורנות הגליל,33.0593,35.2497,5.0,3.0,5.0,2.0,5.0,8.0,7.0,11.0
ברעם,33.059,35.4332,3.0,8.0,6.0,11.0,5.0,3.0,5.0,8.0
לימן,33.0587,35.1118,12.0,4.0,1.0,3.0,1.0,4.0,4.0,10.0
גורן,33.0556,35.2336,4.0,1.0,8.0,4.0,7.0,8.0,9.0,13.0
יסוד המעלה,33.0536,35.589,2.0,0.0,3.0,4.0,1.0,4.0,0.0,0.0
חולתה,33.0529,35.6092,2.0,0.0,3.0,4.0,1.0,4.0,0.0,0.0
עלמה,33.0519,35.4996,6.0,2.0,2.0,10.0,3.0,1.0,3.0,3.0
דוב''ב,33.0508,35.407747,4.0,6.0,4.0,5.0,4.0,2.0,1.0,4.0
ריחאנייה,33.0499,35.4871,3.0,3.0,2.0,10.0,3.0,1.0,3.0,3.0
עבדון,33.0488,35.1791,3.0,3.0,1.0,2.0,2.0,3.0,6.0,5.0
פסוטה,33.0478,35.3088,4.0,0.0,3.0,4.0,1.0,4.0,6.0,6.0
שדה אליעזר,33.0465,35.5653,3.0,0.0,3.0,4.0,1.0,2.0,0.0,1.0
אלוני הבשן,33.0441,35.8385,2.0,0.0,0.0,0.0,0.0,0.0,0.0,0.0
מתת,33.0417,35.3567,3.0,6.0,4.0,5.0,2.0,2.0,5.0,7.0
גשר הזיו,33.0405,35.1106,9.0,2.0,0.0,0.0,0.0,0.0,1.0,4.0
כרם בן זמרה,33.0392,35.4699,3.0,5.0,2.0,10.0,6.0,2.0,3.0,2.0
מנות,33.0387,35.1952,3.0,1.0,0.0,1.0,2.0,2.0,4.0,5.0
אבירים,33.0381,35.286,4.0,0.0,4.0,3.0,1.0,1.0,1.0,2.0
הילה,33.0362,35.2446,3.0,0.0,2.0,1.0,0.0,1.0,0.0,1.0
אלקוש,33.0343,35.3263,5.0,0.0,2.0,3.0,1.0,3.0,6.0,5.0
קדמת צבי,33.0295,35.6977,2.0,0.0,0.0,2.0,1.0,0.0,0.0,3.0
סאסא,33.0287,35.3946,3.0,7.0,2.0,3.0,2.0,0.0,3.0,6.0
סער,33.0287,35.1092,3.0,1.0,0.0,0.0,0.0,0.0,1.0,3.0
אזור תעשייה רמת דלתון,33.0279,35.4768,3.0,5.0,2.0,10.0,7.0,1.0,4.0,3.0
נווה זיו,33.0274,35.1843,3.0,1.0,0.0,1.0,1.0,2.0,3.0,5.0
מעיליא,33.0272,35.2563,3.0,0.0,4.0,1.0,0.0,1.0,0.0,1.0
צבעון,33.0264,35.4167,3.0,2.0,0.0,2.0,5.0,3.0,0.0,6.0
ג'ש - גוש חלב,33.0213,35.4479,3.0,5.0,2.0,10.0,5.0,4.0,4.0,2.0
איילת השחר,33.0211,35.5767,3.0,0.0,3.0,4.0,1.0,3.0,0.0,2.0
כברי,33.021,35.147,3.0,3.0,0.0,1.0,0.0,0.0,0.0,4.0
גדות,33.0182,35.6195,2.0,0.0,3.0,4.0,1.0,3.0,1.0,1.0
מעונה,33.0169,35.2636,3.0,0.0,4.0,1.0,0.0,1.0,0.0,0.0
חורפיש,33.0167,35.3471,3.0,1.0,0.0,1.0,2.0,2.0,4.0,4.0
דלתון,33.0166,35.4899,3.0,5.0,2.0,10.0,8.0,1.0,4.0,3.0
מעלות תרשיחא,33.015,35.276,4.0,0.0,4.0,1.0,0.0,2.0,0.0,0.0
ספסופה - כפר חושן,33.0131,35.4402,2.0,2.0,0.0,3.0,3.0,3.0,4.0,1.0
בית ספר שדה מירון,33.0115,35.3922,3.0,2.0,0.0,1.0,2.0,0.0,1.0,4.0
עין יעקב,33.0093,35.229,3.0,0.0,1.0,1.0,0.0,0.0,0.0,4.0
נהריה,33.0085,35.0981,6.0,1.0,0.0,0.0,0.0,0.0,1.0,5.0
צוריאל,33.0065,35.3148,3.0,1.0,0.0,1.0,2.0,1.0,0.0,1.0
געתון,33.0061,35.2138,3.0,0.0,0.0,1.0,0.0,1.0,1.0,4.0
קדיתא,33.006,35.4683,2.0,2.0,0.0,2.0,4.0,0.0,2.0,1.0
בן עמי,33.0054,35.1222,3.0,0.0,0.0,0.0,0.0,0.0,0.0,3.0
אור הגנוז,33.0052,35.4467,2.0,2.0,0.0,2.0,2.0,2.0,1.0,1.0
משמר הירדן,33.0035,35.5983,3.0,0.0,3.0,4.0,1.0,3.0,0.0,0.0
מרכז אזורי מרום גליל,32.998,35.4415,2.0,2.0,0.0,1.0,2.0,3.0,3.0,1.0
עמוקה,32.9977,35.5248,3.0,3.0,4.0,4.0,2.0,2.0,0.0,0.0
בר יוחאי,32.9977,35.4482,2.0,2.0,0.0,1.0,2.0,2.0,1.0,1.0
חוסן,32.9977,35.2987,3.0,0.0,2.0,1.0,0.0,2.0,0.0,0.0
יחיעם,32.9961,35.2211,3.0,0.0,0.0,1.0,0.0,0.0,0.0,4.0
כפר ורדים,32.9951,35.2691,3.0,0.0,4.0,1.0,0.0,1.0,0.0,0.0
שייח' דנון,32.9938,35.1486,2.0,0.0,0.0,0.0,0.0,0.0,1.0,0.0
נתיב השיירה,32.9912,35.1307,2.0,0.0,0.0,0.0,0.0,0.0,1.0,0.0
עברון,32.9911,35.1,3.0,0.0,0.0,0.0,0.0,0.0,0.0,3.0
קצרין,32.991,35.6899,2.0,0.0,1.0,2.0,0.0,1.0,1.0,5.0
קצרין - אזור תעשייה,32.989259,35.710742,2.0,0.0,1.0,3.0,0.0,0.0,0.0,1.0
מחניים,32.9888,35.5704,3.0,0.0,0.0,1.0,0.0,1.0,0.0,0.0
מירון,32.9852,35.4416,2.0,1.0,0.0,2.0,2.0,4.0,3.0,2.0
אזור תעשייה חצור הגלילית,32.9842,35.5521,3.0,1.0,0.0,1.0,0.0,1.0,0.0,0.0
מזרעה,32.9837,35.0989,3.0,0.0,0.0,0.0,0.0,0.0,2.0,0.0
כליל,32.9836,35.1997,2.0,0.0,1.0,0.0,1.0,1.0,2.0,1.0
שבי ציון,32.9821,35.083,3.0,0.0,0.0,0.0,0.0,0.0,0.0,3.0
ינוח-ג'ת,32.9816,35.2412,2.0,0.0,1.0,0.0,0.0,0.0,0.0,1.0
חצור הגלילית,32.9804,35.5435,3.0,1.0,0.0,1.0,0.0,0.0,0.0,0.0
קשת,32.9804,35.8085,2.0,0.0,2.0,0.0,0.0,0.0,1.0,1.0
ביריה,32.9781,35.5031,3.0,4.0,0.0,3.0,1.0,0.0,0.0,0.0
מנחת מחניים,32.9781,35.572,3.0,0.0,0.0,1.0,0.0,1.0,0.0,0.0
עמקה,32.9777,35.1618,2.0,0.0,0.0,0.0,1.0,0.0,0.0,0.0
רגבה,32.9775,35.0991,2.0,0.0,0.0,0.0,0.0,0.0,2.0,0.0
פקיעין,32.9762,35.3358,3.0,1.0,0.0,1.0,2.0,0.0,0.0,1.0
כפר הנשיא,32.9747,35.6023,3.0,0.0,0.0,1.0,0.0,2.0,0.0,0.0
כיסרא סמיע,32.9723,35.3041,2.0,0.0,0.0,0.0,0.0,0.0,0.0,0.0
אשרת,32.9716,35.1557,2.0,0.0,0.0,0.0,0.0,0.0,0.0,0.0
בית העמק,32.971,35.1453,2.0,0.0,0.0,0.0,0.0,0.0,1.0,0.0
אזור תעשייה צ.ח.ר,32.9705521,35.5646455,3.0,0.0,0.0,1.0,0.0,1.0,0.0,0.0
ראש פינה,32.9704,35.5427,3.0,0.0,0.0,1.0,0.0,0.0,0.0,0.0
גיתה,32.9672,35.2491,2.0,0.0,0.0,0.0,0.0,0.0,0.0,0.0
טובא זנגריה,32.9662,35.592,3.0,0.0,0.0,1.0,0.0,1.0,0.0,0.0
בית ג'אן,32.9657,35.3813,2.0,0.0,0.0,1.0,1.0,0.0,0.0,0.0
נס עמים,32.9655,35.1216,2.0,0.0,0.0,0.0,0.0,0.0,1.0,0.0
צפת,32.9646,35.496,6.0,3.0,0.0,3.0,3.0,0.0,2.0,0.0
לוחמי הגטאות,32.9627,35.0967,2.0,0.0,0.0,0.0,0.0,0.0,2.0,0.0
לפידות,32.9598,35.261,2.0,0.0,0.0,0.0,0.0,0.0,0.0,0.0
אבו סנאן,32.958,35.172,2.0,0.0,0.0,0.0,1.0,0.0,0.0,1.0
חרשים,32.9577,35.3282,2.0,0.0,0.0,1.0,1.0,0.0,0.0,0.0
אניעם,32.9566,35.7397,2.0,0.0,0.0,0.0,0.0,0.0,0.0,0.0
כפר שמאי,32.9557,35.4579,2.0,0.0,0.0,1.0,1.0,1.0,0.0,0.0
ירכא,32.9535,35.212,2.0,0.0,0.0,0.0,1.0,0.0,0.0,1.0
כפר יסיף,32.952,35.16,2.0,0.0,0.0,0.0,0.0,0.0,0.0,1.0
שומרת,32.9515,35.095,2.0,0.0,1.0,0.0,0.0,0.0,1.0,0.0
הר-חלוץ,32.9506,35.3123,2.0,0.0,0.0,1.0,1.0,0.0,0.0,0.0
בוסתן הגליל,32.9486,35.0807,2.0,0.0,1.0,0.0,0.0,0.0,1.0,0.0
אליפלט,32.9478,35.5485,2.0,0.0,0.0,1.0,0.0,0.0,0.0,0.0
כישור,32.9467,35.2502,2.0,0.0,0.0,0.0,0.0,0.0,0.0,0.0
ג'וליס,32.945,35.1842,2.0,0.0,0.0,0.0,0.0,0.0,0.0,1.0
שפר,32.9446,35.4378,2.0,0.0,0.0,2.0,0.0,0.0,0.0,0.0
סאג'ור,32.9431,35.3436,2.0,0.0,0.0,1.0,0.0,0.0,0.0,0.0
לבון,32.9412,35.2865,2.0,0.0,0.0,1.0,0.0,0.0,0.0,0.0
עין אל אסד,32.9408,35.401,2.0,0.0,0.0,1.0,0.0,0.0,0.0,0.0
יונתן,32.9397,35.7955,2.0,0.0,0.0,1.0,0.0,0.0,1.0,1.0
אמירים,32.9374,35.4504,2.0,1.0,0.0,1.0,0.0,0.0,0.0,0.0
ראמה,32.9371,35.367,2.0,0.0,0.0,1.0,0.0,0.0,0.0,0.0
נחף,32.9347,35.3165,2.0,0.0,0.0,1.0,0.0,0.0,0.0,0.0
דיר אל-אסד,32.9344,35.2684,2.0,0.0,0.0,1.0,0.0,0.0,0.0,0.0
שזור,32.9339,35.3545,2.0,0.0,0.0,1.0,0.0,0.0,0.0,0.0
פלך,32.9336,35.233,2.0,0.0,0.0,0.0,0.0,0.0,0.0,0.0
פרוד,32.9331,35.4343,2.0,0.0,0.0,1.0,0.0,0.0,0.0,0.0
עכו,32.9331,35.0827,2.0,3.0,1.0,0.0,0.0,0.0,2.0,0.0
עמיעד,32.9304,35.5405,2.0,0.0,0.0,1.0,0.0,0.0,0.0,0.0
בענה,32.9295,35.2719,2.0,0.0,0.0,1.0,0.0,0.0,0.0,0.0
ג'דידה מכר,32.9287,35.1506,2.0,0.0,0.0,0.0,0.0,0.0,1.0,0.0
תובל,32.9285,35.2457,2.0,0.0,0.0,0.0,0.0,0.0,0.0,0.0
כרכום,32.9283,35.6063,2.0,0.0,0.0,1.0,0.0,0.0,0.0,0.0
חד נס,32.9275,35.6414,2.0,0.0,0.0,0.0,0.0,0.0,0.0,0.0
טל-אל,32.9273,35.1825,2.0,0.0,0.0,0.0,0.0,0.0,0.0,0.0
אזור תעשייה כרמיאל,32.9263,35.3191,2.0,0.0,0.0,1.0,0.0,0.0,0.0,0.0
מורן,32.9216,35.3948,1.0,0.0,0.0,0.0,0.0,0.0,0.0,0.0
מג'דל כרום,32.9201,35.2566,2.0,0.0,0.0,1.0,0.0,0.0,0.0,0.0
עין כמונים,32.9194,35.4301,2.0,0.0,0.0,1.0,0.0,0.0,0.0,0.0
כפר חנניה,32.916,35.4238,2.0,0.0,0.0,0.0,0.0,0.0,0.0,0.0
ראס אל-עין,32.9157,35.3727,1.0,0.0,0.0,0.0,0.0,0.0,0.0,0.0
כרמיאל,32.9147,35.2924,2.0,0.0,0.0,1.0,0.0,0.0,0.0,0.0
אלמגור,32.9127,35.6023,2.0,0.0,0.0,1.0,0.0,0.0,0.0,0.0
כמון,32.9125,35.3555,1.0,0.0,0.0,0.0,0.0,0.0,0.0,0.0
עינבר,32.9097,35.4237,2.0,0.0,0.0,0.0,0.0,0.0,0.0,0.0
מכמנים,32.9075,35.3287,1.0,0.0,0.0,0.0,0.0,0.0,0.0,0.0
אחיהוד,32.9074,35.1717,1.0,0.0,0.0,0.0,0.0,0.0,0.0,0.0
חזון,32.9066,35.3953,1.0,0.0,0.0,0.0,0.0,0.0,0.0,0.0
אזור תעשייה בר-לב,32.9063,35.1948,1.0,0.0,0.0,0.0,0.0,0.0,0.0,0.0
אמנון,32.905,35.5711,2.0,0.0,0.0,1.0,0.0,0.0,0.0,0.0
צורית גילון,32.9043,35.2322,2.0,0.0,0.0,1.0,0.0,0.0,0.0,0.0
כורזים ורד הגליל,32.9042,35.5508,2.0,0.0,0.0,1.0,0.0,0.0,0.0,0.0
עין המפרץ,32.9026,35.093,3.0,3.0,0.0,0.0,0.0,0.0,1.0,0.0
יסעור,32.9011,35.1666,1.0,0.0,0.0,0.0,0.0,0.0,0.0,0.0
חוסנייה,32.9006,35.3225,1.0,0.0,0.0,0.0,0.0,0.0,0.0,0.0
קדרים,32.8989,35.4716,2.0,0.0,0.0,0.0,1.0,0.0,0.0,0.0
עכו - אזור תעשייה,32.8984,35.0863,2.0,3.0,1.0,0.0,0.0,0.0,1.0,0.0
סלמה,32.8932,35.3705,1.0,0.0,0.0,0.0,0.0,0.0,0.0,0.0
שורשים,32.8927,35.2586,1.0,0.0,0.0,0.0,0.0,0.0,0.0,0.0
כפר מסריק,32.8912,35.0984,3.0,3.0,1.0,0.0,0.0,0.0,1.0,0.0
מע'אר,32.8907,35.4046,2.0,0.0,0.0,0.0,0.0,0.0,0.0,0.0
כחל,32.8905,35.5116,2.0,0.0,0.0,0.0,0.0,0.0,0.0,0.0
שעב,32.8897,35.2388,1.0,0.0,0.0,0.0,0.0,0.0,0.0,0.0
מעלה צביה,32.8894,35.3314,1.0,0.0,0.0,0.0,0.0,0.0,0.0,0.0
מעלה גמלא,32.8883,35.686,2.0,0.0,0.0,0.0,0.0,0.0,0.0,0.0
ערב אל-נעים,32.8881,35.2901,1.0,0.0,0.0,0.0,0.0,0.0,0.0,0.0
אשחר,32.8851,35.2996,1.0,0.0,0.0,0.0,0.0,0.0,0.0,0.0
יעד,32.8812,35.2406,1.0,0.0,0.0,0.0,0.0,0.0,0.0,0.0
לוטם וחמדון,32.8809,35.36,1.0,0.0,0.0,0.0,0.0,0.0,0.0,0.0
אזור תעשייה שער נעמן,32.8805,35.0976,1.0,3.0,1.0,0.0,0.0,0.0,1.0,0.0
חוקוק,32.8786,35.4967,2.0,0.0,0.0,0.0,0.0,0.0,0.0,0.0
יובלים,32.8782,35.2693,1.0,0.0,0.0,0.0,0.0,0.0,0.0,0.0
אשבל,32.877,35.306,1.0,0.0,0.0,0.0,0.0,0.0,0.0,0.0
כלנית,32.8753,35.454,2.0,0.0,0.0,0.0,1.0,0.0,0.0,0.0
בית סוהר צלמון,32.8717,35.4474,2.0,0.0,0.0,0.0,0.0,0.0,0.0,0.0
כנף,32.8704,35.6979,2.0,0.0,0.0,0.0,0.0,0.0,0.0,0.0
כאבול,32.87,35.2054,1.0,0.0,0.0,0.0,0.0,0.0,0.0,0.0
טפחות,32.8686,35.4222,2.0,0.0,0.0,0.0,0.0,0.0,0.0,0.0
אזור תעשייה תרדיון,32.8677,35.2731,1.0,0.0,0.0,0.0,0.0,0.0,0.0,0.0
עצמון - שגב,32.8658,35.2523,1.0,0.0,0.0,0.0,0.0,0.0,0.0,0.0
סכנין,32.8642,35.2945,1.0,0.0,0.0,0.0,0.0,0.0,0.0,0.0
לבנים,32.8638,35.4975,2.0,0.0,0.0,0.0,1.0,0.0,0.0,0.0
דיר חנא,32.8623,35.3653,1.0,0.0,0.0,0.0,0.0,0.0,0.0,0.0
מרכז אזורי משגב,32.8588,35.2598,2.0,0.0,0.0,0.0,0.0,0.0,0.0,0.0
רקפת,32.8556,35.2642,2.0,0.0,0.0,0.0,0.0,0.0,0.0,0.0
נטור,32.8541,35.7526,2.0,0.0,0.0,0.0,0.0,1.0,1.0,0.0
עראבה,32.8537,35.3372,1.0,0.0,0.0,0.0,0.0,0.0,0.0,0.0
מנוף,32.8533,35.2374,2.0,0.0,0.0,0.0,0.0,0.0,0.0,0.0
טמרה,32.8522,35.2013,1.0,0.0,0.0,0.0,0.0,0.0,0.0,0.0
רביד,32.8506,35.4641,2.0,0.0,0.0,0.0,1.0,0.0,0.0,0.0
רמות,32.8504,35.6652,2.0,0.0,0.0,0.0,0.0,0.0,0.0,0.0
קריית ים,32.8493,35.0689,1.0,1.0,1.0,0.0,0.0,0.0,1.0,0.0
שכניה,32.8492,35.2467,2.0,0.0,0.0,0.0,0.0,0.0,0.0,0.0
גינוסר,32.8487,35.5232,2.0,0.0,0.0,0.0,0.0,0.0,0.0,0.0
הררית יחד,32.8457,35.3693,1.0,0.0,0.0,0.0,0.0,0.0,0.0,0.0
חספין,32.8456,35.793,2.0,0.0,0.0,0.0,0.0,1.0,1.0,0.0
קורנית,32.8444,35.2519,2.0,0.0,0.0,0.0,0.0,0.0,0.0,0.0
מסד,32.8442,35.4232,2.0,0.0,0.0,0.0,0.0,0.0,0.0,0.0
רמת מגשימים,32.8441,35.8066,2.0,0.0,0.0,0.0,0.0,1.0,1.0,0.0
מגדל,32.8395,35.4998,2.0,0.0,0.0,0.0,0.0,0.0,0.0,0.0
אפק,32.8383,35.1278,1.0,0.0,0.0,0.0,0.0,0.0,0.0,0.0
קריית מוצקין,32.8382,35.0795,1.0,0.0,1.0,0.0,0.0,0.0,1.0,0.0
מצפה אבי''ב,32.837951,35.201059,1.0,0.0,0.0,0.0,0.0,0.0,0.0,0.0
עילבון,32.8379,35.4,2.0,0.0,0.0,0.0,0.0,0.0,0.0,0.0
יודפת,32.8366,35.2715,1.0,0.0,0.0,0.0,0.0,0.0,0.0,0.0
אבטליון,32.8358,35.3504,1.0,0.0,0.0,0.0,0.0,0.0,0.0,0.0
נוב,32.8329,35.7836,2.0,1.0,0.0,1.0,0.0,1.0,1.0,0.0
קריית ביאליק,32.8322,35.0884,1.0,3.0,1.0,0.0,0.0,0.0,1.0,0.0
כאוכב אבו אלהיג'א,32.8319,35.2487,2.0,0.0,0.0,0.0,0.0,0.0,0.0,0.0
ואדי אל חמאם,32.8284,35.4917,2.0,0.0,0.0,0.0,0.0,0.0,0.0,0.0
חיפה - קריית חיים ושמואל,32.8283,35.0656,1.0,0.0,0.0,0.0,0.0,0.0,0.0,0.0
מורשת,32.8261,35.232,2.0,0.0,0.0,0.0,0.0,0.0,0.0,0.0
אבני איתן,32.8248,35.7658,3.0,1.0,0.0,1.0,0.0,1.0,1.0,0.0
אעבלין,32.8218,35.1901,2.0,0.0,0.0,0.0,0.0,0.0,0.0,0.0
כפר ביאליק,32.8214,35.0877,1.0,0.0,0.0,0.0,0.0,0.0,1.0,0.0
גשור,32.8199,35.7157,2.0,0.0,0.0,0.0,0.0,1.0,1.0,0.0
דמיידה,32.815,35.2266,2.0,0.0,0.0,0.0,0.0,0.0,0.0,0.0
ארבל,32.8127,35.4826,2.0,0.0,0.0,0.0,0.0,0.0,0.0,0.0
כפר מנדא,32.8124,35.2586,2.0,0.0,0.0,0.0,0.0,0.0,0.0,0.0
כפר זיתים,32.8116,35.4652,2.0,0.0,0.0,0.0,0.0,0.0,0.0,0.0
חיפה - מערב,32.8087,34.9603,1.0,0.0,0.0,1.0,0.0,0.0,0.0,0.0
בועיינה-נוג'ידאת,32.8077,35.3653,2.0,1.0,0.0,0.0,0.0,0.0,0.0,0.0
חיפה - כרמל ועיר תחתית,32.8072,34.9877,1.0,0.0,0.0,1.0,0.0,0.0,0.0,0.0
אלי עד,32.8066,35.7366,2.0,1.0,0.0,0.0,0.0,1.0,1.0,0.0
שפרעם,32.8058,35.17,3.0,0.0,0.0,0.0,0.0,0.0,0.0,0.0
קריית אתא,32.8052,35.0925,1.0,0.0,0.0,0.0,0.0,0.0,0.0,0.0
אזור תעשייה בני יהודה,32.8023,35.7156,2.0,0.0,0.0,0.0,0.0,1.0,1.0,0.0
מצפה נטופה,32.8017,35.3835,2.0,0.0,0.0,0.0,0.0,0.0,0.0,0.0
כפר חיטים,32.8,35.5033,2.0,0.0,0.0,0.0,0.0,0.0,0.0,0.0
בני יהודה וגבעת יואב,32.7983,35.6911,3.0,0.0,0.0,0.0,0.0,1.0,1.0,0.0
אושה,32.7965,35.1146,1.0,0.0,0.0,0.0,0.0,0.0,0.0,0.0
טבריה,32.7959,35.531,5.0,0.0,0.0,0.0,0.0,0.0,0.0,0.0
חיפה-מפרץ,32.7940463,34.989571,1.0,0.0,0.0,0.0,0.0,0.0,0.0,0.0
רמת יוחנן,32.7935,35.1222,1.0,0.0,0.0,0.0,0.0,0.0,0.0,0.0
כפר המכבי,32.7918,35.1148,1.0,0.0,0.0,0.0,0.0,0.0,0.0,0.0
עוזייר,32.7906,35.3269,1.0,0.0,0.0,0.0,0.0,0.0,0.0,0.0
מצפה,32.79,35.5079,2.0,0.0,0.0,0.0,0.0,0.0,0.0,0.0
הודיות,32.7886,35.435,2.0,0.0,0.0,0.0,0.0,0.0,0.0,0.0
רומאנה,32.7881,35.3112,1.0,0.0,0.0,0.0,0.0,0.0,0.0,0.0
לביא,32.7876,35.4407,2.0,0.0,0.0,0.0,0.0,0.0,0.0,0.0
נאות גולן,32.787,35.6932,3.0,0.0,0.0,0.0,0.0,1.0,1.0,0.0
אזור תעשייה קדמת גליל,32.7854,35.4631,2.0,0.0,0.0,0.0,0.0,0.0,0.0,0.0
עין גב,32.7834,35.6401,2.0,0.0,0.0,1.0,0.0,0.0,0.0,0.0
חנתון,32.7831,35.2451,1.0,0.0,0.0,0.0,0.0,0.0,0.0,0.0
עדי,32.7824,35.1734,2.0,0.0,0.0,0.0,0.0,0.0,0.0,0.0
בית רימון,32.7818,35.3277,1.0,0.0,0.0,0.0,0.0,0.0,0.0,0.0
חיפה - נווה שאנן ורמות כרמל,32.7812,35.0015,1.0,0.0,0.0,0.0,0.0,0.0,0.0,0.0
אפיק,32.7794,35.703,2.0,0.0,0.0,0.0,0.0,1.0,1.0,0.0
רומת אל הייב,32.7776,35.3057,1.0,0.0,0.0,0.0,0.0,0.0,0.0,0.0
אתר ההנצחה גולני,32.7774,35.4103,2.0,0.0,0.0,0.0,0.0,0.0,0.0,0.0
ביר אלמכסור,32.7773,35.2206,2.0,0.0,0.0,0.0,0.0,0.0,0.0,0.0
גבעת אבני,32.7754,35.4362,2.0,0.0,0.0,0.0,0.0,0.0,0.0,0.0
טורעאן,32.7751,35.3783,1.0,0.0,0.0,0.0,0.0,0.0,0.0,0.0
ראס עלי,32.7729,35.1555,2.0,0.0,0.0,0.0,0.0,0.0,0.0,0.0
אל-ח'וואלד מערב,32.771,35.1363,2.0,0.0,0.0,0.0,0.0,0.0,0.0,0.0
מיצר,32.7686,35.7364,2.0,0.0,0.0,0.0,0.0,1.0,1.0,0.0
כפר נהר הירדן,32.7683,35.4356,2.0,0.0,0.0,0.0,0.0,0.0,0.0,1.0
בית עלמין תל רגב,32.7678,35.1219,2.0,0.0,0.0,0.0,0.0,0.0,0.0,0.0
סואעד חמירה,32.7669,35.1682,2.0,0.0,0.0,0.0,0.0,0.0,0.0,0.0
כפר גלים,32.7662,34.9595,1.0,0.0,0.0,0.0,0.0,0.0,0.0,0.0
נשר,32.7649,35.0492,1.0,0.0,0.0,0.0,0.0,0.0,0.0,0.0
הרדוף,32.7637,35.1747,2.0,0.0,0.0,0.0,0.0,0.0,0.0,0.0
נופית,32.7634,35.1483,2.0,0.0,0.0,0.0,0.0,0.0,0.0,0.0
כפר חרוב,32.7624,35.6642,2.0,0.0,0.0,0.0,0.0,1.0,1.0,0.0
טירת כרמל,32.7621,34.973,1.0,0.0,0.0,0.0,0.0,0.0,0.0,0.0
איבטין,32.76,35.1146,1.0,0.0,0.0,0.0,1.0,0.0,0.0,0.0
אזור תעשייה ציפורית,32.7595,35.3161,1.0,0.0,0.0,0.0,0.0,0.0,0.0,0.0
ח'וואלד,32.7589,35.1584,2.0,0.0,0.0,0.0,0.0,0.0,0.0,0.0
הושעיה,32.7579,35.2952,1.0,0.0,0.0,0.0,0.0,0.0,0.0,0.0
אלון הגליל,32.7569,35.2203,2.0,0.0,0.0,0.0,0.0,0.0,0.0,0.0
כעביה,32.7567,35.1865,2.0,0.0,0.0,0.0,0.0,0.0,0.0,0.0
אילניה,32.7539,35.4082,2.0,0.0,0.0,0.0,0.0,0.0,0.0,0.0
כפר חסידים,32.7523,35.0942,1.0,0.0,0.0,0.0,1.0,0.0,0.0,0.0
החותרים,32.7523,34.9575,1.0,0.0,0.0,0.0,0.0,0.0,0.0,0.0
הסוללים,32.7518,35.238,2.0,0.0,0.0,0.0,0.0,0.0,0.0,0.0
שדה אילן,32.7505,35.4224,2.0,0.0,0.0,0.0,0.0,0.0,0.0,0.0
כעביה טבאש,32.7504,35.184,2.0,0.0,0.0,0.0,0.0,0.0,0.0,0.0
רכסים,32.7493,35.0996,1.0,0.0,0.0,0.0,0.0,0.0,0.0,0.0
כפר טבאש,32.7485,35.1707,2.0,0.0,0.0,0.0,0.0,0.0,0.0,0.0
כפר כנא,32.7482,35.3438,1.0,0.0,0.0,0.0,0.0,0.0,0.0,0.0
הזורעים,32.7481,35.4999,2.0,0.0,0.0,0.0,0.0,0.0,0.0,0.0
ציפורי,32.7467,35.2764,1.0,0.0,0.0,0.0,0.0,0.0,0.0,0.0
פוריה נווה עובד,32.7438,35.5381,2.0,0.0,0.0,0.0,0.0,0.0,0.0,0.0
יגור,32.7415,35.0768,1.0,0.0,0.0,0.0,0.0,0.0,0.0,0.0
חג'אג'רה,32.741,35.2049,2.0,0.0,0.0,0.0,0.0,0.0,0.0,0.0
משהד,32.7389,35.3225,1.0,0.0,0.0,0.0,0.0,0.0,0.0,0.0
מבוא חמה,32.7367,35.6552,2.0,0.0,0.0,0.0,0.0,1.0,1.0,0.0
בסמת טבעון,32.7363,35.1532,2.0,0.0,0.0,0.0,0.0,0.0,0.0,0.0
בית לחם הגלילית,32.7346,35.1913,2.0,0.0,0.0,0.0,0.0,0.0,0.0,0.0
פוריה עילית,32.7327,35.5462,2.0,0.0,0.0,0.0,0.0,0.0,0.0,0.0
שמשית,32.7325,35.2465,1.0,0.0,0.0,0.0,0.0,0.0,0.0,0.0
אלוני אבא,32.7309,35.172,2.0,0.0,0.0,0.0,0.0,0.0,0.0,0.0
האון,32.7267,35.6227,2.0,0.0,0.0,1.0,0.0,0.0,0.0,0.0
בית סוהר קישון,32.7262,35.0915,1.0,0.0,0.0,0.0,0.0,0.0,0.0,0.0
שרונה,32.7259,35.4672,2.0,0.0,0.0,0.0,0.0,0.0,0.0,0.0
עין מאהל,32.7243,35.3534,1.0,0.0,0.0,0.0,0.0,0.0,0.0,0.0
כינרת מושבה,32.7238,35.5652,2.0,0.0,0.0,0.0,0.0,0.0,0.0,0.0
זרזיר,32.7233,35.2204,2.0,0.0,0.0,0.0,0.0,0.0,0.0,0.0
שער העמקים,32.7226,35.1106,1.0,0.0,0.0,0.0,0.0,0.0,0.0,0.0
גבעת אלה,32.722,35.2448,1.0,0.0,0.0,0.0,0.0,0.0,0.0,0.0
אלונים,32.7215,35.1434,2.0,0.0,0.0,0.0,0.0,0.0,0.0,0.0
כפר כמא,32.7211,35.4428,2.0,0.0,0.0,0.0,0.0,0.0,0.0,0.0
ריינה,32.7199,35.3177,1.0,0.0,0.0,0.0,0.0,0.0,0.0,0.0
פוריה כפר עבודה,32.7198,35.5456,2.0,0.0,0.0,0.0,0.0,0.0,0.0,0.0
בית קשת,32.7184,35.395,1.0,0.0,0.0,0.0,0.0,0.0,0.0,0.0
עילוט,32.7173,35.2615,1.0,0.0,0.0,0.0,0.0,0.0,0.0,0.0
בית ירח,32.7144,35.574,2.0,0.0,0.0,0.0,0.0,0.0,0.0,0.0
כינרת קבוצה,32.7142,35.5627,2.0,0.0,0.0,0.0,0.0,0.0,0.0,0.0
אורנים,32.7112,35.1096,1.0,0.0,0.0,0.0,0.0,0.0,0.0,0.0
נוף הגליל,32.71,35.3227,1.0,0.0,1.0,0.0,0.0,0.0,0.0,0.0
יבנאל,32.7088,35.5038,2.0,0.0,0.0,0.0,0.0,0.0,0.0,0.0
דגניה א,32.7069,35.5751,2.0,0.0,0.0,0.0,0.0,0.0,0.0,0.0
אלומות,32.7066,35.5461,2.0,0.0,0.0,0.0,0.0,0.0,0.0,0.0
תל קציר,32.7064,35.6179,2.0,0.0,0.0,1.0,0.0,0.0,0.0,0.0
מעגן,32.7063,35.6006,2.0,0.0,0.0,1.0,0.0,0.0,0.0,0.0
מנשית זבדה,32.7062,35.1924,2.0,0.0,0.0,0.0,0.0,0.0,0.0,0.0
כדורי,32.7062,35.4063,1.0,0.0,0.0,0.0,0.0,0.0,0.0,0.0
המכללה האקדמית כנרת,32.7054,35.5918,2.0,0.0,0.0,1.0,0.0,0.0,0.0,0.0
רמת ישי,32.704,35.166,2.0,0.0,0.0,0.0,0.0,0.0,0.0,0.0
תמרת,32.7038,35.2255,1.0,0.0,0.0,0.0,0.0,0.0,0.0,0.0
אזור תעשייה צמח,32.7033,35.5869,2.0,0.0,0.0,1.0,0.0,0.0,0.0,0.0
קריית טבעון-בית זייד,32.702414,35.131109,2.0,0.0,0.0,0.0,0.0,0.0,0.0,0.0
כפר החורש,32.7015,35.273,1.0,0.0,0.0,0.0,0.0,0.0,0.0,0.0
כפר תקווה,32.7013,35.115,1.0,0.0,0.0,0.0,0.0,0.0,0.0,0.0
נצרת,32.6996,35.3035,1.0,0.0,1.0,0.0,0.0,0.0,0.0,0.0
דגניה ב,32.6991,35.5776,2.0,0.0,0.0,0.0,0.0,0.0,0.0,0.0
שדה יעקב,32.6976,35.1413,1.0,0.0,0.0,0.0,0.0,0.0,0.0,0.0
בית שערים,32.6965,35.1788,2.0,0.0,0.0,0.0,0.0,0.0,0.0,0.0
שדמות דבורה,32.6962,35.4364,1.0,0.0,0.0,0.0,0.0,0.0,0.0,0.0
יפיע,32.695,35.282,1.0,0.0,1.0,0.0,0.0,0.0,0.0,0.0
דבוריה,32.6941,35.3685,1.0,0.0,0.0,0.0,0.0,0.0,0.0,0.0
דלית אל כרמל,32.6938,35.0554,1.0,0.0,0.0,0.0,0.0,0.0,0.0,0.0
נהלל,32.6908,35.1961,1.0,0.0,0.0,0.0,0.0,0.0,0.0,0.0
בית זרע,32.6893,35.5741,2.0,0.0,0.0,0.0,0.0,0.0,0.0,0.0
כפר תבור,32.6873,35.42,1.0,0.0,0.0,0.0,0.0,0.0,0.0,0.0
שער הגולן,32.6869,35.6047,2.0,0.0,0.0,1.0,0.0,0.0,0.0,0.0
אום אל-גנם,32.6867,35.3903,1.0,0.0,0.0,0.0,0.0,0.0,0.0,0.0
שבלי,32.6863,35.4061,1.0,0.0,0.0,0.0,0.0,0.0,0.0,0.0
חמת גדר,32.6834,35.6647,2.0,0.0,0.0,1.0,0.0,0.0,1.0,0.0
מסדה,32.6823,35.5977,2.0,0.0,0.0,1.0,0.0,0.0,0.0,0.0
אכסאל,32.6821,35.3207,1.0,0.0,1.0,0.0,0.0,0.0,0.0,0.0
כפר יהושע,32.6816,35.152,1.0,0.0,0.0,0.0,0.0,0.0,0.0,0.0
תחנת רכבת כפר יהושוע,32.6811,35.1246,1.0,0.0,0.0,0.0,0.0,0.0,0.0,0.0
אפיקים,32.6806,35.5777,2.0,0.0,0.0,0.0,0.0,0.0,0.0,0.0
רמת דוד,32.679,35.204,1.0,0.0,0.0,0.0,0.0,0.0,0.0,0.0
מגדל העמק,32.6778,35.2417,1.0,0.0,1.0,0.0,0.0,0.0,0.0,0.0
גבת,32.6766,35.2132,1.0,0.0,0.0,0.0,0.0,0.0,0.0,0.0
יפעת,32.6759,35.224,1.0,0.0,0.0,0.0,0.0,0.0,0.0,0.0
כפר קיש,32.6661,35.449,1.0,0.0,0.0,0.0,0.0,0.0,0.0,0.0
אשדות יעקב מאוחד,32.6648,35.5828,2.0,0.0,0.0,0.0,0.0,0.0,0.0,0.0
מנחמיה,32.6643,35.5553,2.0,0.0,0.0,0.0,0.0,0.0,0.0,0.0
גניגר,32.6634,35.2599,1.0,0.0,1.0,0.0,0.0,0.0,0.0,0.0
שריד,32.6631,35.2248,1.0,0.0,1.0,0.0,0.0,0.0,0.0,0.0
אשדות יעקב איחוד,32.6588,35.5796,2.0,0.0,0.0,0.0,0.0,0.0,0.0,0.0
תל עדשים,32.6574,35.3025,1.0,0.0,1.0,0.0,0.0,0.0,0.0,0.0
עין דור,32.6555,35.4164,1.0,0.0,0.0,0.0,0.0,0.0,0.0,0.0
מזרע,32.6499,35.2864,1.0,0.0,1.0,0.0,0.0,0.0,0.0,0.0
דברת,32.6467,35.3501,1.0,0.0,1.0,0.0,0.0,0.0,0.0,0.0
כפר ברוך,32.646,35.1931,1.0,0.0,0.0,0.0,0.0,0.0,0.0,0.0
כפר מצר,32.6453,35.4221,1.0,0.0,0.0,0.0,0.0,0.0,0.0,0.0
כפר גדעון,32.6446,35.2893,1.0,0.0,1.0,0.0,0.0,0.0,0.0,0.0
כרם מהר''ל,32.644325,34.99145,2.0,0.0,0.0,0.0,0.0,0.0,0.0,0.0
אחוזת ברק,32.6431,35.3389,1.0,0.0,1.0,0.0,0.0,0.0,0.0,0.0
גזית,32.6393,35.4462,1.0,0.0,0.0,0.0,0.0,0.0,0.0,0.0
טמרה בגלבוע,32.6349,35.4027,1.0,0.0,0.0,0.0,0.0,0.0,0.0,0.0
אזור תעשייה אלון התבור,32.6345,35.3603,1.0,0.0,1.0,0.0,1.0,0.0,0.0,0.0
נין,32.631,35.3494,1.0,0.0,1.0,0.0,0.0,0.0,0.0,0.0
בלפוריה,32.63,35.2963,1.0,0.0,1.0,0.0,0.0,0.0,0.0,0.0
דחי,32.6225,35.3436,1.0,0.0,1.0,0.0,0.0,0.0,0.0,0.0
עופר,32.6219,34.9835,1.0,0.0,0.0,0.0,0.0,0.0,0.0,0.0
היוגב,32.6128,35.2075,1.0,0.0,1.0,0.0,0.0,0.0,0.0,0.0
עפולה,32.6105,35.2879,1.0,0.0,1.0,0.0,0.0,0.0,0.0,0.0
נעורה,32.6082,35.3937,1.0,0.0,1.0,0.0,0.0,0.0,0.0,0.0
מרחביה קיבוץ,32.6059,35.3073,1.0,0.0,1.0,0.0,0.0,0.0,0.0,0.0
סולם,32.6056,35.3343,1.0,0.0,1.0,0.0,0.0,0.0,0.0,0.0
מרחביה מושב,32.6048,35.316,1.0,0.0,1.0,0.0,0.0,0.0,0.0,0.0
טייבה בגלבוע,32.6047,35.4446,1.0,0.0,0.0,0.0,0.0,0.0,0.0,0.0
רמת צבי,32.592,35.4145,1.0,0.0,0.0,0.0,0.0,0.0,0.0,0.0
אזור תעשייה מבואות הגלבוע,32.5672,35.2676,1.0,0.0,1.0,0.0,0.0,0.0,0.0,0.0
כפר יחזקאל,32.5669,35.3609,1.0,0.0,1.0,0.0,0.0,0.0,0.0,0.0
קבוצת גבע,32.5661,35.3728,1.0,0.0,1.0,0.0,0.0,0.0,0.0,0.0
ישובי אומן,32.5655,35.2384,1.0,0.0,1.0,0.0,0.0,0.0,0.0,0.0
עין חרוד,32.5631,35.3917,1.0,0.0,0.0,0.0,0.0,0.0,0.0,0.0
יזרעאל,32.5626,35.3194,1.0,0.0,1.0,0.0,0.0,0.0,0.0,0.0
תל יוסף,32.5567,35.3989,1.0,0.0,0.0,0.0,0.0,0.0,0.0,0.0
ישובי יעל,32.5521,35.3065,1.0,0.0,1.0,0.0,0.0,0.0,0.0,0.0
גדעונה,32.5499,35.3592,1.0,0.0,1.0,0.0,0.0,0.0,0.0,0.0
מרכז חבר,32.5483,35.2661,1.0,0.0,1.0,0.0,0.0,0.0,0.0,0.0
בית סוהר שיטה וגלבוע,32.5476,35.4151,1.0,0.0,0.0,0.0,0.0,0.0,0.0,0.0
נורית,32.5432,35.3558,1.0,0.0,0.0,0.0,0.0,0.0,0.0,0.0
גן נר,32.5287,35.3363,1.0,0.0,0.0,0.0,0.0,0.0,0.0,0.0
רם און,32.5287,35.2587,2.0,0.0,0.0,0.0,0.0,0.0,0.0,0.0
סנדלה,32.5224,35.3244,1.0,0.0,0.0,0.0,0.0,0.0,0.0,0.0
מגן שאול,32.5215,35.3064,1.0,0.0,0.0,0.0,0.0,0.0,0.0,0.0
מוקיבלה,32.5151,35.2948,1.0,0.0,0.0,0.0,0.0,0.0,0.0,0.0
בית שאן,32.4971,35.4973,3.0,0.0,0.0,0.0,0.0,0.0,0.0,0.0
טל מנשה,32.4831,35.1607,1.0,0.0,0.0,0.0,0.0,0.0,0.0,0.0
חיננית,32.4809,35.1732,1.0,0.0,0.0,0.0,0.0,0.0,0.0,0.0
שקד,32.4737,35.1684,1.0,0.0,0.0,0.0,0.0,0.0,0.0,0.0
ריחן,32.4688,35.1353,1.0,0.0,0.0,0.0,0.0,0.0,0.0,0.0
גן השומרון,32.465,34.999,5.0,0.0,0.0,0.0,0.0,0.0,0.0,0.0
עין שמר,32.4619,35.0067,5.0,0.0,0.0,0.0,0.0,0.0,0.0,0.0
מענית,32.458,35.0266,5.0,0.0,0.0,0.0,0.0,0.0,0.0,0.0
גבעת חביבה,32.457652,35.02009,5.0,0.0,0.0,0.0,0.0,0.0,0.0,0.0
תלמי אלעזר,32.4472,34.975,5.0,0.0,0.0,0.0,0.0,0.0,0.0,0.0
שער מנשה,32.4439,35.011,5.0,0.0,0.0,0.0,0.0,0.0,0.0,0.0
מאור,32.4258,35.0053,5.0,0.0,0.0,0.0,0.0,0.0,0.0,0.0
באקה אל גרבייה,32.4229,35.0358,6.0,0.0,0.0,0.0,0.0,0.0,0.0,0.0
ג'ת,32.3984,35.0361,1.0,0.0,0.0,0.0,0.0,0.0,0.0,0.0
כפר יונה,32.3177,34.9336,1.0,0.0,0.0,0.0,0.0,0.0,0.0,0.0
ינוב,32.3074,34.9514,1.0,0.0,0.0,0.0,0.0,0.0,0.0,0.0
פרדסיה,32.305,34.9117,1.0,0.0,0.0,0.0,0.0,0.0,0.0,0.0
צור משה,32.2989,34.9131,1.0,0.0,0.0,0.0,0.0,0.0,0.0,0.0
גאולים,32.2965,34.9439,1.0,0.0,0.0,0.0,0.0,0.0,0.0,0.0
ענב,32.2836,35.1252,1.0,0.0,0.0,0.0,0.0,0.0,0.0,0.0
קדימה-צורן,32.283,34.9119,1.0,0.0,0.0,0.0,0.0,0.0,0.0,0.0
אבן יהודה,32.2766,34.8851,1.0,0.0,0.0,0.0,0.0,0.0,0.0,0.0
טייבה,32.2669,35.0097,1.0,0.0,0.0,0.0,0.0,0.0,0.0,0.0
בני דרור,32.2618,34.9018,1.0,0.0,0.0,0.0,0.0,0.0,0.0,0.0
סלעית,32.2426,35.0513,1.0,0.0,0.0,0.0,0.0,0.0,0.0,0.0
בקעות,32.2421,35.4526,1.0,0.0,0.0,0.0,0.0,0.0,0.0,0.0
צור יצחק,32.2415,34.998,1.0,0.0,0.0,0.0,0.0,0.0,0.0,0.0
צור נתן,32.2397,35.014,1.0,0.0,0.0,0.0,0.0,0.0,0.0,0.0
געש,32.2285,34.8244,1.0,0.0,0.0,0.0,0.0,0.0,0.0,0.0
כוכב יאיר - צור יגאל,32.2209,34.9924,1.0,0.0,0.0,0.0,0.0,0.0,0.0,0.0
בני ציון,32.2198,34.8684,1.0,0.0,0.0,0.0,0.0,0.0,0.0,0.0
שפיים,32.2166,34.8224,1.0,1.0,1.0,0.0,0.0,0.0,0.0,0.0
בצרה,32.2145,34.8781,2.0,0.0,0.0,0.0,0.0,0.0,0.0,0.0
ארסוף,32.2128,34.816,1.0,1.0,1.0,0.0,0.0,0.0,0.0,0.0
קדומים,32.2124,35.1574,0.0,0.0,0.0,0.0,0.0,0.0,1.0,0.0
רשפון,32.2019,34.8247,3.0,1.0,1.0,0.0,0.0,0.0,0.0,0.0
חוות גלעד,32.2005,35.1812,0.0,0.0,0.0,0.0,0.0,0.0,1.0,0.0
צופים,32.1979,35.0107,2.0,0.0,0.0,0.0,0.0,0.0,0.0,0.0
ניר אליהו,32.1976,34.9494,1.0,0.0,0.0,0.0,0.0,0.0,0.0,0.0
צופית,32.1949,34.9201,2.0,0.0,0.0,0.0,0.0,0.0,0.0,0.0
הר ברכה,32.1933,35.2649,0.0,0.0,0.0,0.0,0.0,0.0,1.0,0.0
כפר שמריהו,32.1871,34.8231,5.0,2.0,1.0,0.0,0.0,0.0,0.0,0.0
רעננה,32.1848,34.8713,6.0,2.0,1.0,0.0,0.0,0.0,0.0,0.0
כפר סבא,32.1782,34.9076,6.0,0.0,1.0,0.0,0.0,0.0,0.0,0.0
הרצליה - מערב,32.1738,34.8104,8.0,2.0,1.0,0.0,0.0,0.0,0.0,0.0
נווה ימין,32.1717,34.9394,2.0,0.0,0.0,0.0,0.0,0.0,0.0,0.0
קרני שומרון,32.1716,35.0975,0.0,0.0,0.0,0.0,0.0,0.0,1.0,0.0
אלפי מנשה,32.1706,35.0149,2.0,0.0,0.0,0.0,0.0,0.0,0.0,0.0
יצהר,32.1685,35.2359,0.0,0.0,0.0,0.0,0.0,0.0,1.0,0.0
הרצליה - מרכז וגליל ים,32.1678,34.8413,10.0,4.0,1.0,0.0,0.0,0.0,0.0,0.0
גבעת חן,32.1676,34.8755,5.0,2.0,1.0,0.0,0.0,0.0,0.0,0.0
כפר מל''ל,32.167567,34.894744,3.0,1.0,1.0,0.0,0.0,0.0,0.0,0.0
רמות השבים,32.1651,34.8815,3.0,1.0,1.0,0.0,0.0,0.0,0.0,0.0
עמנואל,32.1607,35.136,0.0,0.0,0.0,0.0,0.0,0.0,1.0,0.0
מתן,32.1594,34.9732,2.0,0.0,0.0,0.0,0.0,0.0,0.0,0.0
שדי חמד,32.1585,34.9428,3.0,0.0,0.0,0.0,0.0,0.0,0.0,0.0
נופים,32.1555,35.0998,0.0,0.0,0.0,0.0,0.0,0.0,1.0,0.0
אלישמע,32.1548,34.9305,3.0,1.0,0.0,0.0,0.0,0.0,0.0,0.0
ג'לג'וליה,32.1525,34.954,3.0,1.0,0.0,0.0,0.0,0.0,0.0,0.0
ירחיב,32.1515,34.968,2.0,0.0,0.0,0.0,0.0,0.0,0.0,0.0
הוד השרון,32.15,34.8839,9.0,3.0,1.0,0.0,0.0,0.0,0.0,0.0
יקיר,32.1498,35.1146,0.0,0.0,0.0,0.0,0.0,0.0,1.0,0.0
גני עם,32.1498,34.9034,4.0,2.0,1.0,0.0,0.0,0.0,0.0,0.0
סינמה סיטי גלילות,32.1473,34.8063,7.0,2.0,1.0,0.0,0.0,0.0,0.0,0.0
נירית,32.1462,34.9848,2.0,0.0,0.0,0.0,0.0,0.0,0.0,0.0
חוות יאיר,32.1453,35.1048,0.0,0.0,0.0,0.0,0.0,0.0,1.0,0.0
ירקונה,32.1445,34.8979,6.0,2.0,1.0,0.0,0.0,0.0,0.0,0.0
עדנים,32.1388,34.9091,6.0,2.0,1.0,0.0,0.0,0.0,0.0,0.0
חגור,32.1386,34.9476,3.0,1.0,0.0,0.0,0.0,0.0,0.0,0.0
מתחם פי גלילות,32.1384,34.8045,10.0,2.0,2.0,0.0,0.0,0.0,0.0,0.0
חורשים,32.1379,34.971,2.0,1.0,0.0,0.0,0.0,0.0,0.0,0.0
רמת השרון,32.1378,34.8403,11.0,5.0,1.0,0.0,0.0,0.0,0.0,0.0
מרכז אזורי דרום השרון,32.1336,34.912,5.0,2.0,0.0,0.0,0.0,0.0,0.0,0.0
נווה ירק,32.1327,34.9255,5.0,2.0,0.0,0.0,0.0,0.0,0.0,0.0
אורנית,32.1319,34.9908,2.0,1.0,0.0,0.0,0.0,0.0,0.0,0.0
כפר ברא,32.1309,34.9701,2.0,2.0,0.0,0.0,0.0,0.0,0.0,0.0
תל אביב - עבר הירקון,32.1213,34.8203,22.0,6.0,5.0,0.0,0.0,0.0,0.0,0.0
תחנת רכבת ראש העין,32.1209,34.9345,2.0,1.0,0.0,0.0,0.0,0.0,0.0,0.0
שערי תקווה,32.1207,35.027,1.0,0.0,0.0,0.0,0.0,0.0,0.0,0.0
עץ אפרים,32.1194,35.0464,1.0,0.0,0.0,0.0,0.0,0.0,0.0,0.0
רבבה,32.1187,35.1296,0.0,0.0,0.0,0.0,0.0,0.0,1.0,0.0
כפר תפוח,32.118,35.2498,0.0,0.0,0.0,0.0,0.0,0.0,1.0,0.0
קריית נטפים,32.1173,35.1121,0.0,0.0,0.0,0.0,0.0,0.0,1.0,0.0
כפר קאסם,32.1141,34.9728,3.0,3.0,0.0,0.0,0.0,0.0,0.0,0.0
אלקנה,32.1106,35.0321,1.0,0.0,0.0,0.0,0.0,0.0,0.0,0.0
אזור תעשייה אפק ולב הארץ,32.10799,34.953088,4.0,2.0,0.0,0.0,0.0,0.0,0.0,0.0
אריאל,32.1046,35.1745,2.0,0.0,0.0,0.0,0.0,0.0,1.0,0.0
רחלים,32.1025,35.2578,0.0,0.0,0.0,0.0,0.0,0.0,1.0,0.0
נופי נחמיה,32.0982,35.2359,0.0,0.0,0.0,0.0,0.0,0.0,1.0,0.0
גבעת השלושה,32.0963,34.9206,7.0,2.0,1.0,0.0,0.0,0.0,0.0,0.0
ראש העין,32.0958,34.9522,7.0,4.0,0.0,0.0,0.0,0.0,0.0,0.0
בני ברק,32.0849,34.8352,21.0,4.0,5.0,0.0,0.0,0.0,0.0,0.0
פתח תקווה,32.084,34.8878,20.0,6.0,4.0,0.0,0.0,0.0,0.0,0.0
עינת,32.0819,34.9375,4.0,2.0,0.0,0.0,0.0,0.0,0.0,0.0
תל אביב - מרכז העיר,32.0798,34.7772,27.0,7.0,7.0,0.0,0.0,0.0,0.0,0.0
גבעת שמואל,32.0773,34.8492,15.0,4.0,4.0,0.0,0.0,0.0,0.0,0.0
כפר סירקין,32.0767,34.9228,5.0,3.0,0.0,0.0,0.0,0.0,0.0,0.0
גבעתיים,32.0722,34.8089,23.0,5.0,6.0,0.0,0.0,0.0,0.0,0.0
תעשיון חצב,32.0717,34.9544,6.0,2.0,0.0,0.0,0.0,0.0,0.0,0.0
מעלה אפרים,32.0713,35.4039,1.0,0.0,0.0,0.0,0.0,0.0,0.0,0.0
עלי,32.0712,35.2669,0.0,0.0,0.0,0.0,1.0,0.0,1.0,0.0
רמת גן - מערב,32.0706,34.8275,31.0,7.0,7.0,0.0,0.0,0.0,0.0,0.0
גת רימון,32.0681,34.8814,8.0,2.0,2.0,0.0,0.0,0.0,0.0,0.0
מעש,32.0635,34.8926,9.0,5.0,2.0,0.0,0.0,0.0,0.0,0.0
נחשונים,32.0632,34.947,6.0,3.0,0.0,0.0,0.0,0.0,0.0,0.0
גני תקווה,32.0605,34.8731,11.0,4.0,5.0,0.0,0.0,0.0,0.0,0.0
נחלים,32.0586,34.9136,8.0,4.0,2.0,0.0,0.0,0.0,0.0,0.0
תל אביב - מזרח,32.0578,34.7987,26.0,6.0,7.0,1.0,0.0,0.0,0.0,0.0
קריית אונו,32.0549,34.8589,15.0,4.0,6.0,0.0,0.0,0.0,0.0,0.0
רמת גן - מזרח,32.0529,34.8416,17.0,5.0,6.0,0.0,0.0,0.0,0.0,0.0
מזור,32.0507,34.9314,9.0,3.0,1.0,0.0,0.0,0.0,0.0,0.0
אלעד,32.0495,34.9507,6.0,3.0,0.0,0.0,0.0,0.0,0.0,0.0
עמיחי,32.0464,35.3283,0.0,0.0,0.0,0.0,0.0,1.0,0.0,0.0
תל אביב - דרום העיר ויפו,32.0462,34.7654,31.0,9.0,6.0,1.0,0.0,0.0,0.0,0.0
סביון,32.0456,34.8766,15.0,5.0,5.0,0.0,0.0,0.0,0.0,0.0
רינתיה,32.0444,34.9285,7.0,3.0,1.0,0.0,0.0,0.0,0.0,0.0
מגשימים,32.0444,34.8998,8.0,4.0,3.0,0.0,0.0,0.0,0.0,0.0
נופך,32.0437,34.9203,8.0,3.0,1.0,0.0,0.0,0.0,0.0,0.0
בארות יצחק,32.042,34.9102,8.0,4.0,2.0,0.0,0.0,0.0,0.0,0.0
גבעת כ''ח,32.032091,34.938796,2.0,3.0,1.0,0.0,0.0,0.0,0.0,0.0
יהוד-מונוסון,32.0303,34.8871,18.0,4.0,5.0,1.0,0.0,0.0,0.0,0.0
מקווה ישראל,32.03,34.7829,22.0,5.0,6.0,2.0,0.0,0.0,0.0,0.0
אור יהודה,32.0297,34.8562,25.0,7.0,8.0,1.0,0.0,0.0,0.0,0.0
אזור,32.0296,34.7996,32.0,7.0,7.0,2.0,0.0,0.0,0.0,0.0
בני עטרות,32.0215,34.9101,6.0,2.0,2.0,1.0,0.0,0.0,0.0,0.0
ברקת,32.0183,34.9432,3.0,3.0,1.0,0.0,0.0,0.0,0.0,0.0
גנות,32.0182,34.8259,26.0,6.0,7.0,2.0,0.0,0.0,0.0,0.0
חמד,32.018,34.8413,24.0,7.0,8.0,1.0,0.0,0.0,0.0,0.0
חולון,32.0158,34.7874,51.0,10.0,7.0,3.0,0.0,0.0,0.0,0.0
טירת יהודה,32.0148,34.9359,2.0,3.0,1.0,0.0,0.0,0.0,0.0,0.0
בת-ים,32.0132,34.748,35.0,8.0,6.0,2.0,0.0,0.0,0.0,0.0
אזור תעשייה חבל מודיעין,32.0131,34.9595,3.0,2.0,1.0,0.0,0.0,0.0,0.0,0.0
משמר השבעה,32.0109,34.8223,30.0,9.0,7.0,2.0,0.0,0.0,0.0,0.0
חלמיש,32.0083,35.1289,1.0,0.0,0.0,0.0,0.0,0.0,0.0,0.0
צפריה,32.0043,34.8547,21.0,5.0,5.0,1.0,0.0,0.0,0.0,0.0
בית דגן,32.0018,34.8297,29.0,10.0,7.0,2.0,0.0,0.0,0.0,0.0
שהם,31.9958,34.9488,3.0,2.0,1.0,0.0,0.0,0.0,0.0,0.0
בית עריף,31.9954,34.9351,2.0,2.0,1.0,0.0,0.0,0.0,0.0,0.0
כפר חב''ד,31.990144,34.849103,22.0,5.0,6.0,1.0,0.0,0.0,0.0,0.0
יגל,31.9878,34.8803,15.0,3.0,3.0,1.0,0.0,0.0,0.0,0.0
אחיעזר,31.9817,34.8718,18.0,6.0,3.0,2.0,0.0,0.0,0.0,0.0
ראשון לציון - מערב,31.981,34.7679,52.0,10.0,7.0,3.0,0.0,0.0,0.0,0.0
כפר טרומן,31.9805,34.9277,1.0,1.0,1.0,1.0,0.0,0.0,0.0,0.0
בית נחמיה,31.9771,34.9538,3.0,1.0,1.0,1.0,0.0,0.0,0.0,0.0
זיתן,31.9752,34.8917,11.0,3.0,2.0,2.0,0.0,0.0,0.0,0.0
ראשון לציון - מזרח,31.9723,34.8066,50.0,11.0,9.0,3.0,0.0,0.0,0.0,0.0
חדיד,31.9694,34.9322,1.0,1.0,1.0,1.0,0.0,0.0,0.0,0.0
גינתון,31.9628,34.9131,2.0,1.0,3.0,1.0,0.0,0.0,0.0,0.0
תעשיון צריפין,31.9624,34.8533,16.0,7.0,4.0,3.0,0.0,0.0,0.0,0.0
כפר נוער בן שמן,31.9597,34.9291,1.0,1.0,2.0,1.0,0.0,0.0,0.0,0.0
ניר צבי,31.9544,34.8615,15.0,5.0,4.0,3.0,0.0,0.0,0.0,0.0
פארק תעשיות פלמחים,31.9532,34.7675,36.0,9.0,6.0,2.0,0.0,0.0,0.0,0.0
בן שמן,31.9513,34.9198,3.0,2.0,2.0,2.0,0.0,0.0,0.0,0.0
לוד,31.951,34.8881,15.0,6.0,3.0,3.0,0.0,0.0,0.0,0.0
נטעים,31.9457,34.7751,31.0,8.0,5.0,2.0,0.0,0.0,0.0,0.0
גן שורק,31.944,34.7583,34.0,7.0,4.0,2.0,0.0,0.0,0.0,0.0
באר יעקב,31.9435,34.839,24.0,7.0,4.0,3.0,0.0,0.0,0.0,0.0
בית חנן,31.9352,34.7756,27.0,7.0,5.0,2.0,0.0,0.0,0.0,0.0
מבוא מודיעים,31.9339,34.988,0.0,0.0,1.0,1.0,0.0,0.0,0.0,0.0
כפר דניאל,31.9335,34.9323,1.0,2.0,1.0,2.0,0.0,0.0,0.0,0.0
פלמחים,31.9327,34.7069,18.0,3.0,3.0,1.0,0.0,0.0,0.0,0.0
חשמונאים,31.9326,35.0233,1.0,0.0,1.0,0.0,0.0,0.0,0.0,0.0
מודיעין עילית,31.9325,35.0423,1.0,0.0,1.0,0.0,0.0,0.0,0.0,0.0
נס ציונה,31.9321,34.8013,36.0,10.0,7.0,3.0,0.0,0.0,0.0,0.0
אחיסמך,31.9319,34.9086,5.0,3.0,3.0,2.0,0.0,0.0,0.0,0.0
רמלה,31.9316,34.8729,23.0,7.0,3.0,3.0,0.0,0.0,0.0,0.0
מתתיהו,31.9297,35.035,1.0,0.0,1.0,0.0,0.0,0.0,0.0,0.0
אירוס,31.9286,34.7766,25.0,5.0,6.0,2.0,0.0,0.0,0.0,0.0
גמזו,31.9272,34.9411,1.0,2.0,1.0,2.0,0.0,0.0,0.0,0.0
נצר סרני,31.9228,34.8212,18.0,6.0,3.0,3.0,0.0,0.0,0.0,0.0
בית עובד,31.9213,34.7749,24.0,5.0,6.0,2.0,0.0,0.0,0.0,0.0
שילת,31.9212,35.0146,1.0,0.0,1.0,0.0,0.0,0.0,0.0,0.0
מודיעין - ליגד סנטר,31.9211897,34.9701743,0.0,0.0,1.0,1.0,0.0,0.0,0.0,0.0
כפר האורנים,31.9199,35.0369,1.0,0.0,1.0,0.0,0.0,0.0,0.0,0.0
אזור תעשייה נשר - רמלה,31.9179,34.892,8.0,4.0,3.0,2.0,0.0,0.0,0.0,0.0
לפיד,31.917,35.0318,1.0,0.0,1.0,0.0,0.0,0.0,0.0,0.0
עיינות,31.9158,34.7681,22.0,4.0,5.0,0.0,0.0,0.0,0.0,0.0
ישרש,31.9157,34.8473,17.0,6.0,3.0,3.0,0.0,0.0,0.0,0.0
כפר רות,31.9104,35.0353,1.0,0.0,1.0,0.0,0.0,0.0,0.0,0.0
מצליח,31.9064,34.8713,12.0,4.0,3.0,2.0,0.0,0.0,0.0,0.0
יד רמב''ם,31.899841,34.900086,4.0,3.0,2.0,2.0,0.0,0.0,0.0,0.0
רחובות,31.8928,34.8113,38.0,7.0,6.0,2.0,0.0,0.0,0.0,0.0
עזריה,31.8905,34.9119,4.0,2.0,2.0,2.0,0.0,0.0,0.0,0.0
מודיעין,31.8903,35.0104,2.0,0.0,1.0,1.0,0.0,0.0,0.0,0.0
בית חשמונאי,31.8903,34.9176,2.0,1.0,1.0,1.0,0.0,0.0,0.0,0.0
סתריה,31.8899,34.8421,15.0,3.0,3.0,3.0,0.0,0.0,0.0,0.0
מודיעין - ישפרו סנטר,31.8898056,34.9649992,4.0,0.0,1.0,1.0,0.0,0.0,0.0,0.0
כפר שמואל,31.8883,34.9348,7.0,0.0,1.0,1.0,0.0,0.0,0.0,0.0
גיבתון,31.8883,34.7991,20.0,2.0,3.0,2.0,0.0,0.0,0.0,0.0
כפר הנגיד,31.8871,34.7487,20.0,3.0,6.0,0.0,0.0,0.0,0.0,0.0
גאליה,31.8856,34.7654,23.0,3.0,4.0,1.0,0.0,0.0,0.0,0.0
נען,31.8832,34.8592,11.0,4.0,3.0,3.0,0.0,0.0,0.0,0.0
מעלה מכמש,31.8791,35.3059,1.0,0.0,0.0,0.0,0.0,0.0,0.0,0.0
גן שלמה,31.8788,34.7989,17.0,2.0,3.0,2.0,0.0,0.0,0.0,0.0
גני הדר,31.8782,34.8576,8.0,3.0,3.0,2.0,0.0,0.0,0.0,0.0
יבנה,31.878,34.7394,42.0,3.0,6.0,1.0,0.0,0.0,0.0,0.0
גזר,31.8761,34.9203,8.0,0.0,1.0,1.0,0.0,0.0,0.0,0.0
רמות מאיר,31.8744,34.8552,9.0,3.0,2.0,2.0,0.0,0.0,0.0,0.0
משמר איילון,31.8725,34.9433,5.0,1.0,1.0,1.0,0.0,0.0,0.0,0.0
נוף איילון,31.8712,34.9913,3.0,0.0,0.0,0.0,0.0,0.0,0.0,0.0
כפר ביל''ו,31.870475,34.826734,14.0,1.0,3.0,2.0,0.0,0.0,0.0,0.0
שעלבים,31.8702,34.9843,2.0,0.0,0.0,0.0,0.0,0.0,0.0,0.0
בית עוזיאל,31.8701,34.9049,7.0,1.0,1.0,1.0,0.0,0.0,0.0,0.0
פתחיה,31.867,34.8869,7.0,1.0,2.0,2.0,0.0,0.0,0.0,0.0
גבעת ברנר,31.8666,34.8023,22.0,2.0,3.0,2.0,0.0,0.0,0.0,0.0
יציץ,31.8632,34.8619,8.0,2.0,1.0,1.0,0.0,0.0,0.0,0.0
קריית עקרון,31.8625,34.822,18.0,1.0,2.0,1.0,0.0,0.0,0.0,0.0
כפר בן נון,31.8617,34.9472,4.0,1.0,1.0,1.0,0.0,0.0,0.0,0.0
גבעת זאב,31.8612,35.1673,4.0,0.0,0.0,0.0,0.0,0.0,0.0,0.0
גני יוחנן,31.8599,34.8408,10.0,1.0,1.0,0.0,0.0,0.0,0.0,0.0
פדיה,31.8578,34.8838,9.0,1.0,1.0,1.0,0.0,0.0,0.0,0.0
בן זכאי,31.8572,34.7274,14.0,2.0,3.0,1.0,0.0,0.0,0.0,0.0
בית גמליאל,31.8561,34.7609,21.0,2.0,3.0,2.0,0.0,0.0,0.0,0.0
מעון צופיה,31.8557,34.7379,10.0,3.0,3.0,0.0,0.0,0.0,0.0,0.0
מזכרת בתיה,31.8532,34.8424,16.0,1.0,1.0,0.0,0.0,0.0,0.0,0.0
גבע בנימין,31.85,35.2739,1.0,0.0,0.0,0.0,0.0,1.0,0.0,0.0
כרמי יוסף,31.848,34.9213,6.0,1.0,1.0,1.0,0.0,0.0,0.0,0.0
בית אלעזרי,31.8447,34.8066,21.0,1.0,1.0,1.0,0.0,0.0,0.0,0.0
בניה,31.8434,34.7518,16.0,2.0,4.0,2.0,0.0,0.0,0.0,0.0
לטרון,31.8369,34.9772,2.0,0.0,0.0,0.0,0.0,0.0,0.0,0.0
שדמה,31.8338,34.7401,17.0,1.0,3.0,1.0,0.0,0.0,0.0,0.0
אשדוד - איזור תעשייה צפוני,31.832549376313,34.6794402417561,46.0,8.0,8.0,1.0,0.0,1.0,0.0,0.0
עלמון,31.8321,35.2968,1.0,0.0,1.0,0.0,0.0,0.0,0.0,0.0
נחשון,31.8316,34.956,2.0,0.0,1.0,1.0,0.0,0.0,0.0,0.0
כפר מרדכי,31.8315,34.7566,18.0,1.0,3.0,1.0,0.0,0.0,0.0,0.0
כפר אביב,31.831,34.7226,18.0,2.0,3.0,1.0,0.0,0.0,0.0,0.0
בקוע,31.8279,34.9247,4.0,2.0,1.0,1.0,0.0,0.0,0.0,0.0
ניר גלים,31.8255,34.6825,13.0,3.0,5.0,0.0,0.0,0.0,0.0,0.0
עשרת,31.8249,34.7475,18.0,1.0,3.0,1.0,0.0,0.0,0.0,0.0
הר אדר,31.8245,35.1297,4.0,0.0,0.0,0.0,0.0,0.0,0.0,0.0
מתחם בני דרום,31.8233,34.6994,11.0,2.0,5.0,1.0,0.0,0.0,0.0,0.0
ירושלים - צפון,31.8211,35.2389,6.0,0.0,1.0,0.0,0.0,0.0,0.0,0.0
בני דרום,31.8209,34.6916,12.0,2.0,6.0,1.0,0.0,0.0,0.0,0.0
משגב דב,31.8191,34.7392,21.0,2.0,2.0,1.0,0.0,0.0,0.0,0.0
גבעת וושינגטון,31.8175,34.7289,13.0,1.0,2.0,1.0,0.0,0.0,0.0,0.0
מעלה החמישה,31.8174,35.1094,6.0,0.0,1.0,0.0,0.0,0.0,0.0,0.0
כרם ביבנה,31.817,34.7236,19.0,1.0,2.0,1.0,0.0,0.0,0.0,0.0
מישר,31.8159,34.7526,18.0,2.0,2.0,1.0,0.0,0.0,0.0,0.0
קדרון,31.8141,34.7955,22.0,1.0,2.0,1.0,0.0,0.0,0.0,0.0
קבוצת יבנה,31.814,34.7191,19.0,1.0,2.0,1.0,0.0,0.0,0.0,0.0
גדרה,31.8123,34.777,28.0,1.0,2.0,1.0,0.0,0.0,0.0,0.0
קריית ענבים,31.8099,35.1208,7.0,0.0,0.0,0.0,0.0,0.0,0.0,0.0
יד השמונה,31.8095,35.0896,4.0,0.0,1.0,0.0,0.0,0.0,0.0,0.0
הראל,31.80944,34.94903,3.0,1.0,0.0,0.0,0.0,0.0,0.0,0.0
נווה אילן,31.8076,35.0809,5.0,0.0,1.0,0.0,0.0,0.0,0.0,0.0
נווה מבטח,31.8068,34.7412,19.0,2.0,1.0,1.0,0.0,0.0,0.0,0.0
אבו-גוש,31.8063,35.1092,7.0,0.0,1.0,0.0,0.0,0.0,0.0,0.0
צלפון,31.8056,34.9318,3.0,1.0,1.0,0.0,0.0,0.0,0.0,0.0
גיזו,31.8056,34.9397,3.0,1.0,0.0,0.0,0.0,0.0,0.0,0.0
"אשדוד - א,ב,ד,ה",31.8047,34.6469,38.0,6.0,8.0,1.0,0.0,1.0,0.0,0.0
בית נקופה,31.8044,35.1269,6.0,0.0,0.0,0.0,0.0,0.0,0.0,0.0
טל שחר,31.8044,34.9033,7.0,1.0,1.0,0.0,0.0,0.0,0.0,0.0
מבשרת ציון,31.8041,35.1579,9.0,0.0,1.0,0.0,0.0,0.0,0.0,0.0
גן הדרום,31.8041,34.6999,21.0,3.0,3.0,1.0,0.0,0.0,0.0,0.0
קריית יערים,31.8028,35.0999,7.0,0.0,1.0,0.0,0.0,0.0,0.0,0.0
כנות,31.8022,34.7509,16.0,0.0,1.0,1.0,0.0,0.0,0.0,0.0
מסילת ציון,31.8014,35.0095,2.0,0.0,0.0,0.0,0.0,0.0,0.0,0.0
אזור תעשייה כנות,31.8013,34.7591,20.0,1.0,1.0,0.0,0.0,0.0,0.0,0.0
שואבה,31.7994,35.079,3.0,0.0,1.0,0.0,0.0,0.0,0.0,0.0
שורש,31.7975,35.0653,4.0,0.0,1.0,0.0,0.0,0.0,0.0,0.0
"אשדוד - ג,ו,ז",31.7966,34.6579,31.0,8.0,5.0,1.0,0.0,0.0,0.0,0.0
ביצרון,31.795,34.7293,24.0,1.0,3.0,1.0,0.0,0.0,0.0,0.0
בית מאיר,31.7948,35.0368,2.0,0.0,1.0,0.0,0.0,0.0,0.0,0.0
עין נקובא,31.7939,35.1197,6.0,0.0,0.0,0.0,0.0,0.0,0.0,0.0
מוצא עילית,31.7936,35.157,6.0,0.0,1.0,0.0,0.0,0.0,0.0,0.0
עין ראפה,31.7906,35.1165,6.0,0.0,0.0,0.0,0.0,0.0,0.0,0.0
בני עי''ש,31.7902,34.7593,25.0,0.0,1.0,0.0,0.0,0.0,0.0,0.0
גני טל,31.7886,34.7914,12.0,0.0,1.0,0.0,0.0,0.0,0.0,0.0
גבעת יערים,31.7861,35.0928,9.0,0.0,0.0,0.0,0.0,0.0,0.0,0.0
"אשדוד -יא,יב,טו,יז,מרינה,סיט",31.7845740935601,34.6313075231948,48.0,8.0,6.0,2.0,0.0,1.0,0.0,0.0
צובה,31.7844,35.118,6.0,0.0,0.0,0.0,0.0,0.0,0.0,0.0
תרום,31.7833,34.9802,2.0,0.0,1.0,0.0,0.0,0.0,0.0,0.0
בית זית,31.7831,35.1611,8.0,0.0,1.0,0.0,0.0,0.0,0.0,0.0
גן יבנה,31.7831,34.7031,30.0,4.0,6.0,1.0,0.0,0.0,0.0,0.0
אשתאול,31.7804,35.0101,3.0,0.0,1.0,0.0,0.0,0.0,0.0,0.0
חצב,31.7801,34.7706,34.0,0.0,1.0,0.0,0.0,0.0,0.0,0.0
פנימיית עין כרם,31.7788,35.1533,8.0,0.0,1.0,0.0,0.0,0.0,0.0,0.0
ירושלים - מרכז,31.7781,35.2164,9.0,0.0,1.0,0.0,0.0,0.0,1.0,0.0
"אשדוד - ח,ט,י,יג,יד,טז",31.7778,34.6462,42.0,9.0,5.0,1.0,0.0,1.0,0.0,0.0
רטורנו - גבעת שמש,31.7759,34.9474,3.0,0.0,0.0,0.0,0.0,0.0,0.0,0.0
כסלון,31.7743,35.0482,8.0,0.0,1.0,0.0,0.0,0.0,0.0,0.0
ירושלים - מערב,31.7742,35.1727,13.0,0.0,1.0,0.0,0.0,0.0,1.0,0.0
רבדים,31.774,34.8148,18.0,0.0,0.0,0.0,0.0,0.0,0.0,0.0
שתולים,31.7737,34.6844,29.0,5.0,5.0,0.0,0.0,0.0,0.0,0.0
רמת רזיאל,31.7736,35.0744,10.0,0.0,0.0,0.0,0.0,0.0,0.0,0.0
חצור,31.773,34.7199,15.0,1.0,3.0,1.0,0.0,0.0,0.0,0.0
אזור תעשייה הר טוב - צרעה,31.7728,34.9981,3.0,0.0,1.0,0.0,0.0,0.0,0.0,0.0
בני ראם,31.77,34.7905,24.0,0.0,1.0,0.0,0.0,0.0,0.0,0.0
פארק תעשייה ראם,31.7682,34.7552,26.0,0.0,1.0,0.0,0.0,0.0,0.0,0.0
נחם,31.7665,35.0036,3.0,0.0,1.0,0.0,0.0,0.0,0.0,0.0
צרעה,31.7627,34.9669,1.0,0.0,1.0,0.0,0.0,0.0,0.0,0.0
ירושלים - מזרח,31.7627,35.2403,6.0,0.0,1.0,0.0,0.0,0.0,1.0,0.0
אבן ספיר,31.7625,35.135,8.0,0.0,0.0,0.0,0.0,0.0,0.0,0.0
שדה עוזיהו,31.7584,34.6782,23.0,4.0,4.0,0.0,0.0,0.0,0.0,0.0
אזור תעשייה עד הלום,31.7581,34.6559,23.0,5.0,5.0,0.0,0.0,0.0,0.0,0.0
קדר,31.7544,35.3107,0.0,0.0,0.0,0.0,0.0,0.0,1.0,0.0
תלמי יחיאל,31.7536,34.7643,24.0,0.0,1.0,0.0,0.0,0.0,0.0,0.0
ישעי,31.753,34.9626,2.0,0.0,1.0,0.0,0.0,0.0,0.0,0.0
אורה,31.7521,35.1502,10.0,0.0,0.0,0.0,0.0,0.0,0.0,0.0
עזריקם,31.7517,34.6948,19.0,2.0,4.0,0.0,0.0,0.0,0.0,0.0
עמינדב,31.7517,35.1424,12.0,0.0,0.0,0.0,0.0,0.0,0.0,0.0
תירוש,31.7503,34.8859,17.0,1.0,1.0,0.0,0.0,0.0,0.0,0.0
מחסיה,31.7489,35.0073,7.0,0.0,1.0,0.0,0.0,0.0,0.0,0.0
בית שמש,31.747,34.9881,9.0,0.0,1.0,0.0,0.0,0.0,0.0,0.0
כפר הרי''ף וצומת ראם,31.747,34.7909,22.0,0.0,1.0,0.0,0.0,0.0,0.0,0.0
נס הרים,31.7442,35.0594,8.0,0.0,0.0,0.0,0.0,0.0,0.0,0.0
אמונים,31.7439,34.6745,19.0,3.0,3.0,0.0,0.0,0.0,0.0,0.0
ינון,31.7418,34.7809,17.0,0.0,0.0,0.0,0.0,0.0,0.0,0.0
אורות,31.74176,34.734758,22.0,0.0,0.0,0.0,0.0,0.0,0.0,0.0
גפן,31.7404,34.8784,17.0,1.0,1.0,0.0,0.0,0.0,0.0,0.0
ירושלים - דרום,31.7377,35.1847,10.0,0.0,0.0,0.0,0.0,0.0,1.0,0.0
ניצן,31.7375,34.6308,32.0,8.0,3.0,2.0,0.0,0.0,0.0,0.0
באר טוביה,31.7371,34.7256,23.0,0.0,2.0,0.0,0.0,0.0,0.0,0.0
בית עזרא,31.7364,34.6575,23.0,4.0,4.0,0.0,0.0,0.0,0.0,0.0
עזר,31.7362,34.6714,12.0,2.0,3.0,0.0,0.0,0.0,0.0,0.0
זנוח,31.7338,34.9994,9.0,0.0,1.0,0.0,0.0,0.0,0.0,0.0
אזור תעשייה ברוש,31.7331,34.9594,3.0,0.0,0.0,0.0,0.0,0.0,0.0,0.0
גבעתי,31.7331,34.6795,13.0,2.0,3.0,0.0,0.0,0.0,0.0,0.0
ערוגות,31.7328,34.7762,16.0,0.0,0.0,0.0,0.0,0.0,0.0,0.0
קריית מלאכי,31.7302,34.747,22.0,0.0,1.0,0.0,0.0,0.0,0.0,0.0
אזור תעשייה באר טוביה,31.7249,34.751,20.0,0.0,0.0,0.0,0.0,0.0,0.0,0.0
אזור תעשייה תימורים,31.7242,34.7615,11.0,0.0,0.0,0.0,0.0,0.0,0.0,0.0
מבוא ביתר,31.7226,35.1067,12.0,0.0,0.0,0.0,0.0,0.0,0.0,0.0
הר גילה,31.7221,35.1715,7.0,0.0,0.0,0.0,0.0,0.0,1.0,0.0
שדות מיכה,31.7214,34.9207,3.0,0.0,0.0,0.0,0.0,0.0,0.0,0.0
צור הדסה,31.7194,35.097,12.0,0.0,0.0,0.0,0.0,0.0,0.0,0.0
אל עזי,31.7189,34.8143,7.0,0.0,0.0,0.0,0.0,0.0,0.0,0.0
כפר ורבורג,31.7187,34.7287,20.0,0.0,1.0,0.0,0.0,0.0,0.0,0.0
ניצנים,31.7178,34.6346,17.0,2.0,2.0,1.0,0.0,0.0,0.0,0.0
מטע,31.7165,35.0606,8.0,0.0,0.0,0.0,0.0,0.0,0.0,0.0
תימורים,31.7163,34.7614,11.0,0.0,0.0,0.0,0.0,0.0,0.0,0.0
אביגדור,31.7119,34.7404,14.0,0.0,1.0,0.0,0.0,0.0,0.0,0.0
זכריה,31.7088,34.9447,4.0,0.0,0.0,0.0,0.0,0.0,0.0,0.0
משואות יצחק,31.7026,34.69,12.0,0.0,0.0,0.0,0.0,0.0,0.0,0.0
ביתר עילית,31.701,35.1119,12.0,0.0,0.0,0.0,0.0,0.0,1.0,0.0
קדמה,31.7008,34.7749,3.0,0.0,0.0,0.0,0.0,0.0,0.0,0.0
באר גנים,31.7004,34.6109,33.0,4.0,1.0,1.0,0.0,0.0,0.0,0.0
שפיר,31.6976,34.7282,8.0,0.0,1.0,0.0,0.0,0.0,0.0,0.0
עגור,31.6975,34.912,2.0,0.0,0.0,0.0,0.0,0.0,0.0,0.0
מרכז שפירא,31.6969,34.7073,11.0,0.0,1.0,0.0,0.0,0.0,0.0,0.0
עין צורים,31.6949,34.7187,8.0,0.0,1.0,0.0,0.0,0.0,0.0,0.0
ניר ישראל,31.6922,34.6381,15.0,1.0,0.0,1.0,0.0,0.0,0.0,0.0
לוזית,31.6882,34.8882,2.0,0.0,0.0,0.0,0.0,0.0,0.0,0.0
נתיב הל''ה,31.687184,34.982523,5.0,0.0,0.0,0.0,0.0,0.0,0.0,0.0
אשקלון - צפון,31.686,34.5839,104.0,10.0,11.0,1.0,1.0,0.0,1.0,0.0
זרחיה,31.6817,34.7464,5.0,0.0,0.0,0.0,0.0,0.0,0.0,0.0
אבנת,31.679,35.4369,0.0,0.0,0.0,0.0,0.0,0.0,1.0,0.0
גבעות,31.6789,35.1019,7.0,0.0,0.0,0.0,0.0,0.0,1.0,0.0
שריגים - ליאון,31.6786,34.9351,3.0,0.0,0.0,0.0,0.0,0.0,0.0,0.0
הודיה,31.6764,34.6393,11.0,1.0,0.0,1.0,0.0,0.0,0.0,0.0
נווה דניאל,31.6763,35.1433,5.0,0.0,0.0,0.0,0.0,0.0,2.0,0.0
כפר סילבר,31.673,34.6121,24.0,5.0,1.0,1.0,0.0,0.0,0.0,0.0
נווה מיכאל - רוגלית,31.6728,35.0037,5.0,0.0,0.0,0.0,0.0,0.0,0.0,0.0
גבעת ישעיהו,31.6717,34.9437,5.0,0.0,0.0,0.0,0.0,0.0,0.0,0.0
ניר בנים,31.6712,34.755,3.0,0.0,0.0,0.0,0.0,0.0,0.0,0.0
סגולה,31.6695,34.7784,2.0,0.0,0.0,0.0,0.0,0.0,0.0,0.0
ברכיה,31.668,34.6243,21.0,4.0,0.0,1.0,0.0,0.0,0.0,0.0
ראש צורים,31.6678,35.1253,2.0,0.0,0.0,0.0,0.0,0.0,1.0,0.0
אזור תעשייה צפוני אשקלון,31.6647,34.5981,59.0,9.0,4.0,1.0,1.0,0.0,0.0,0.0
ורדון,31.6638,34.7818,1.0,0.0,0.0,0.0,0.0,0.0,0.0,0.0
קוממיות,31.6626,34.7293,7.0,0.0,0.0,0.0,0.0,0.0,0.0,0.0
גבעות עדן,31.6622,35.0139,3.0,0.0,0.0,0.0,0.0,0.0,0.0,0.0
אשקלון - דרום,31.661,34.5688,145.0,10.0,14.0,3.0,2.0,0.0,1.0,4.0
חוות שדה בר,31.6609,35.2447,0.0,0.0,0.0,0.0,0.0,0.0,2.0,0.0
נחלה,31.66,34.7928,4.0,0.0,0.0,0.0,0.0,0.0,0.0,0.0
אדרת,31.6597,34.9944,4.0,0.0,0.0,0.0,0.0,0.0,0.0,0.0
אלעזר,31.6597,35.1431,2.0,0.0,0.0,0.0,0.0,0.0,1.0,0.0
זבדיאל,31.6592,34.7603,5.0,0.0,1.0,0.0,0.0,0.0,0.0,0.0
בת עין,31.6577,35.1011,3.0,0.0,0.0,0.0,0.0,0.0,0.0,0.0
משען,31.6569,34.6216,20.0,3.0,0.0,1.0,0.0,0.0,0.0,0.0
מנוחה,31.6562,34.7773,4.0,0.0,1.0,0.0,0.0,0.0,0.0,0.0
אלון שבות,31.6549,35.1253,2.0,0.0,0.0,0.0,0.0,0.0,1.0,0.0
כפר אלדד,31.654,35.251,0.0,0.0,0.0,0.0,0.0,0.0,2.0,0.0
אפרת,31.6536,35.1499,5.0,0.0,0.0,0.0,0.0,0.0,1.0,0.0
יד נתן,31.653,34.7049,6.0,0.0,1.0,0.0,0.0,0.0,0.0,0.0
תקוע,31.6528,35.2275,0.0,0.0,1.0,0.0,0.0,0.0,2.0,0.0
אלומה,31.652,34.7429,6.0,0.0,0.0,0.0,0.0,0.0,0.0,0.0
כפר עציון,31.6495,35.1152,2.0,0.0,0.0,0.0,0.0,0.0,1.0,0.0
מעלה רחבעם,31.6494,35.2589,0.0,0.0,0.0,0.0,0.0,0.0,2.0,0.0
רווחה,31.6487,34.7337,7.0,0.0,0.0,0.0,0.0,0.0,0.0,0.0
בת הדר,31.6481,34.5971,31.0,4.0,3.0,1.0,0.0,0.0,0.0,0.0
נוקדים,31.6458,35.2504,0.0,0.0,0.0,0.0,0.0,0.0,2.0,0.0
שדה יואב,31.6457,34.6768,4.0,0.0,0.0,0.0,0.0,0.0,0.0,0.0
מגדל עוז,31.6409,35.1431,2.0,0.0,0.0,0.0,0.0,0.0,2.0,0.0
בית שקמה,31.6377,34.6101,27.0,3.0,2.0,0.0,0.0,0.0,0.0,0.0
עוצם,31.6377,34.7051,9.0,0.0,1.0,0.0,0.0,0.0,0.0,0.0
אזור תעשייה הדרומי אשקלון,31.6361,34.5545,174.0,14.0,17.0,2.0,3.0,2.0,1.0,4.0
כוכב מיכאל,31.6315,34.6678,5.0,0.0,0.0,0.0,0.0,0.0,0.0,0.0
גיאה,31.6285,34.6027,23.0,3.0,2.0,0.0,0.0,0.0,0.0,0.0
גת,31.6278,34.7941,7.0,0.0,0.0,0.0,0.0,0.0,0.0,0.0
נוגה,31.6257,34.6953,6.0,0.0,0.0,0.0,0.0,0.0,0.0,0.0
מבקיעים,31.6225,34.5774,61.0,7.0,9.0,2.0,1.0,0.0,0.0,1.0
נהורה,31.6213,34.7045,9.0,0.0,0.0,0.0,0.0,0.0,0.0,0.0
שחר,31.6184063,34.7240639,14.0,0.0,1.0,0.0,0.0,0.0,0.0,0.0
תלמי יפה,31.6169,34.6125,13.0,0.0,2.0,0.0,0.0,0.0,0.0,0.0
קריית גת,31.611148,34.768459,18.0,0.0,0.0,0.0,0.0,0.0,0.0,0.0
כרמי צור,31.6095,35.1013,0.0,0.0,0.0,0.0,0.0,0.0,1.0,0.0
ניר ח''ן,31.608906,34.714282,12.0,0.0,0.0,0.0,0.0,0.0,0.0,0.0
זיקים,31.6072,34.521,110.0,11.0,15.0,2.0,3.0,3.0,2.0,3.0
כרמי גת,31.6056632,34.7737312,18.0,0.0,0.0,0.0,0.0,0.0,0.0,0.0
כרמיה,31.6027,34.5404,90.0,7.0,12.0,2.0,1.0,0.0,1.0,3.0
מעלה עמוס,31.5969,35.2294,0.0,0.0,0.0,0.0,0.0,0.0,2.0,0.0
אזור תעשייה קריית גת,31.5962,34.7848,8.0,0.0,0.0,0.0,0.0,0.0,0.0,0.0
זוהר,31.5956,34.6924,6.0,0.0,0.0,0.0,0.0,0.0,0.0,0.0
גברעם,31.5915,34.6122,7.0,1.0,2.0,0.0,0.0,0.0,0.0,0.0
מצוקי דרגות,31.591,35.3933,0.0,0.0,0.0,0.0,0.0,0.0,1.0,0.0
פני קדם,31.5895,35.1951,0.0,0.0,0.0,0.0,0.0,0.0,1.0,0.0
יד מרדכי,31.587,34.5575,55.0,3.0,9.0,4.0,1.0,2.0,0.0,2.0
מיצד,31.5862,35.1876,0.0,0.0,0.0,0.0,0.0,0.0,1.0,0.0
חלץ,31.5779,34.6584,3.0,0.0,1.0,0.0,0.0,0.0,0.0,0.0
שדה דוד,31.5775,34.6834,4.0,0.0,0.0,0.0,0.0,0.0,0.0,0.0
נתיב העשרה,31.5724,34.5393,174.0,16.0,18.0,8.0,2.0,4.0,0.0,4.0
מצפה שלם,31.5689,35.4004,0.0,0.0,0.0,0.0,0.0,0.0,1.0,0.0
תלם,31.5631,35.0312,0.0,0.0,0.0,0.0,0.0,0.0,1.0,0.0
ארז,31.5597,34.565,56.0,3.0,5.0,1.0,0.0,1.0,0.0,1.0
אור הנר,31.5562,34.6023,30.0,2.0,1.0,0.0,0.0,0.0,0.0,0.0
אדורה,31.5522,35.0176,0.0,0.0,0.0,1.0,0.0,0.0,2.0,0.0
איבים,31.533597,34.609697,119.0,22.0,25.0,13.0,2.0,4.0,7.0,12.0
אמציה,31.5312,34.9145,0.0,0.0,0.0,0.0,0.0,0.0,1.0,0.0
אליאב,31.5302,34.9284,0.0,0.0,1.0,0.0,0.0,0.0,2.0,0.0
קרית ארבע,31.5293,35.1156,0.0,0.0,0.0,0.0,0.0,0.0,1.0,0.0
חברון,31.5249,35.108,0.0,0.0,0.0,0.0,0.0,1.0,3.0,0.0
שדרות,31.522694,34.595581,119.0,22.0,25.0,13.0,2.0,4.0,7.0,12.0
ניר עם,31.518459,34.580544,119.0,22.0,25.0,13.0,2.0,4.0,7.0,12.0
בני דקלים,31.5172,34.917,0.0,0.0,0.0,0.0,0.0,0.0,1.0,0.0
שקף,31.5149,34.9373,0.0,0.0,0.0,0.0,0.0,0.0,1.0,0.0
מטווח ניר עם,31.5128,34.5543,65.0,19.0,17.0,7.0,1.0,0.0,2.0,2.0
חוות שיקמים,31.5113,34.6339,5.0,1.0,0.0,0.0,0.0,0.0,0.0,0.0
מכללת ספיר,31.5090643,34.5944391,27.0,4.0,6.0,0.0,0.0,1.0,2.0,4.0
דורות,31.5072,34.6457,4.0,1.0,0.0,0.0,0.0,0.0,0.0,0.0
גבים,31.506273,34.598949,27.0,4.0,6.0,0.0,0.0,1.0,2.0,4.0
מפלסים,31.5022,34.5617,45.0,10.0,8.0,4.0,1.0,1.0,1.0,4.0
נגוהות,31.4931,34.9833,0.0,0.0,0.0,0.0,0.0,0.0,2.0,0.0
בית חגי,31.4925,35.0795,0.0,0.0,0.0,0.0,0.0,0.0,3.0,0.0
מעלה חבר,31.4871,35.1651,0.0,0.0,0.0,0.0,0.0,0.0,3.0,0.0
כפר עזה,31.4834,34.5323,63.0,14.0,8.0,3.0,1.0,0.0,2.0,1.0
אדוריים,31.4827,35.0436,0.0,0.0,0.0,0.0,0.0,0.0,3.0,0.0
יכיני,31.4822,34.5986,3.0,0.0,1.0,1.0,0.0,0.0,0.0,0.0
ניר משה,31.4775,34.6301,1.0,0.0,0.0,0.0,0.0,0.0,0.0,0.0
נטע,31.4761,34.9268,0.0,0.0,0.0,0.0,0.0,0.0,1.0,0.0
נחל עוז,31.4727,34.4977,109.0,14.0,13.0,8.0,4.0,2.0,0.0,3.0
סעד,31.4702,34.5344,47.0,17.0,6.0,4.0,1.0,0.0,0.0,1.0
זרועה,31.4591,34.6242,3.0,0.0,0.0,0.0,0.0,0.0,0.0,0.0
עלומים,31.453,34.5147,46.0,7.0,2.0,2.0,1.0,0.0,0.0,1.0
עין גדי,31.4512,35.3836,0.0,0.0,0.0,0.0,0.0,0.0,1.0,0.0
שובה,31.4501874944935,34.5450936566071,43.0,4.0,3.0,3.0,0.0,0.0,1.0,1.0
שדה צבי,31.4487,34.7132,1.0,0.0,0.0,0.0,0.0,0.0,0.0,0.0
תקומה וחוות יזרעם,31.448536,34.578085,28.0,3.0,2.0,1.0,0.0,0.0,1.0,0.0
תקומה,31.4485,34.5781,36.0,3.0,3.0,1.0,0.0,0.0,0.0,0.0
זמרת,31.447853,34.552288,43.0,4.0,3.0,3.0,0.0,0.0,1.0,1.0
יושיביה,31.4447,34.6088,18.0,1.0,1.0,1.0,0.0,0.0,0.0,0.0
עתניאל,31.4388,35.0282,0.0,0.0,0.0,0.0,0.0,0.0,3.0,0.0
פעמי תש''ז,31.4383,34.6921,1.0,0.0,0.0,0.0,0.0,0.0,0.0,0.0
כפר מימון ותושיה,31.4324,34.5384,33.0,3.0,0.0,1.0,0.0,0.0,1.0,0.0
שומריה,31.4322,34.8841,0.0,0.0,0.0,0.0,0.0,0.0,1.0,0.0
כרמל,31.4318,35.1828,0.0,0.0,0.0,0.0,0.0,0.0,4.0,0.0
בארי,31.4245,34.4926,29.0,2.0,3.0,1.0,0.0,1.0,0.0,0.0
נתיבות,31.4232,34.5953,53.0,5.0,2.0,1.0,0.0,0.0,1.0,0.0
בית הגדי,31.4228,34.6079,33.0,2.0,2.0,1.0,0.0,0.0,1.0,0.0
שוקדה,31.4221,34.5244,21.0,1.0,0.0,1.0,0.0,0.0,0.0,0.0
מרחצאות עין גדי,31.4173,35.3785,0.0,0.0,0.0,0.0,0.0,0.0,2.0,0.0
מעון,31.4146,35.1639,0.0,0.0,0.0,0.0,0.0,0.0,5.0,0.0
אזור תעשייה נ.ע.מ,31.4138,34.6149,17.0,1.0,1.0,1.0,0.0,0.0,1.0,0.0
שרשרת,31.4048,34.6044,16.0,1.0,1.0,1.0,0.0,0.0,1.0,0.0
מעגלים,31.398859,34.598239,19.0,0.0,0.0,1.0,0.0,0.0,0.0,0.0
גבעולים,31.397604,34.593821,19.0,0.0,0.0,1.0,0.0,0.0,0.0,0.0
שיבולים,31.3964,34.6081,15.0,0.0,1.0,1.0,0.0,0.0,1.0,0.0
רהט,31.394548,34.753934,7.0,0.0,0.0,0.0,0.0,0.0,1.0,0.0
אשכולות,31.3912,34.9049,0.0,0.0,0.0,0.0,0.0,0.0,3.0,0.0
מלילות,31.389897,34.595243,19.0,0.0,0.0,1.0,0.0,0.0,0.0,0.0
שמעה,31.3873,35.0127,0.0,0.0,0.0,0.0,0.0,0.0,6.0,0.0
סוסיא,31.3866,35.1204,0.0,0.0,0.0,0.0,0.0,0.0,6.0,0.0
רעים,31.3862,34.4588,21.0,5.0,4.0,0.0,1.0,0.0,0.0,1.0
אזור תעשייה עידן הנגב,31.3808,34.786,1.0,0.0,0.0,0.0,0.0,0.0,1.0,0.0
להב,31.3794,34.8713,0.0,0.0,0.0,0.0,0.0,0.0,2.0,0.0
תדהר,31.3789,34.6304,3.0,0.0,1.0,1.0,0.0,0.0,0.0,1.0
טנא עומרים,31.3761,34.9574,0.0,0.0,0.0,0.0,0.0,0.0,6.0,0.0
כיסופים,31.3745,34.399,96.0,39.0,23.0,6.0,1.0,2.0,4.0,2.0
להבים,31.3738,34.817,0.0,0.0,0.0,0.0,0.0,0.0,2.0,0.0
עשאהל,31.373,35.0435,1.0,0.0,0.0,0.0,0.0,0.0,6.0,0.0
אזור תעשייה מיתרים,31.3726,35.0055,0.0,0.0,0.0,0.0,0.0,0.0,6.0,0.0
תאשור,31.3717,34.6435,2.0,0.0,0.0,1.0,0.0,0.0,0.0,1.0
ברוש,31.371091,34.634933,3.0,0.0,0.0,1.0,0.0,0.0,0.0,1.0
בית יתיר,31.3656,35.1113,0.0,0.0,0.0,0.0,0.0,0.0,7.0,0.0
משמר הנגב,31.3648,34.718,6.0,0.0,0.0,0.0,0.0,0.0,1.0,0.0
סנסנה,31.3618,34.901,0.0,0.0,0.0,0.0,0.0,0.0,6.0,0.0
גבעות בר,31.3572,34.7555,3.0,0.0,0.0,0.0,0.0,0.0,2.0,0.0
שני ליבנה,31.3566,35.0699,0.0,0.0,0.0,0.0,0.0,0.0,7.0,0.0
עין השלושה,31.3517,34.4035,44.0,14.0,20.0,2.0,2.0,0.0,0.0,1.0
תארבין,31.345481,34.739126,12.0,0.0,0.0,0.0,0.0,0.0,2.0,0.0
הר עמשא,31.3427,35.1016,0.0,0.0,0.0,0.0,0.0,0.0,9.0,0.0
רנן,31.3387,34.6004,4.0,1.0,0.0,0.0,0.0,0.0,0.0,0.0
נירים,31.3357,34.3941,56.0,23.0,23.0,1.0,2.0,0.0,0.0,0.0
בטחה,31.3339,34.6343,7.0,0.0,1.0,0.0,0.0,0.0,0.0,1.0
כרמים,31.3337,34.9179,1.0,0.0,0.0,0.0,0.0,0.0,7.0,0.0
כרמית,31.3322,34.8968,1.0,0.0,0.0,0.0,0.0,0.0,6.0,0.0
פטיש,31.3278,34.56,47.0,1.0,1.0,0.0,0.0,0.0,0.0,0.0
מיתר,31.327,34.9432,0.0,0.0,0.0,0.0,0.0,0.0,9.0,0.0
אשל הנשיא,31.3268,34.6975,7.0,0.0,0.0,0.0,0.0,0.0,2.0,0.0
פדויים,31.3263,34.6121,8.0,1.0,1.0,0.0,0.0,0.0,0.0,0.0
גילת,31.3263,34.6489,13.0,0.0,1.0,0.0,0.0,0.0,1.0,0.0
מסלול,31.3253422,34.5885811,15.0,1.0,1.0,0.0,0.0,0.0,0.0,0.0
לקיה,31.324884,34.866219,20.0,1.0,1.0,0.0,0.0,0.0,7.0,2.0
תפרח,31.3245,34.6792,10.0,0.0,0.0,0.0,0.0,0.0,1.0,0.0
קריית חינוך מרחבים,31.3142,34.5999,11.0,0.0,1.0,0.0,0.0,0.0,0.0,0.0
אתר דודאים,31.3122,34.7338,22.0,0.0,2.0,0.0,0.0,0.0,3.0,3.0
מצדה,31.3114,35.3627,0.0,0.0,0.0,0.0,0.0,0.0,8.0,0.0
אופקים,31.3113,34.6228,23.0,0.0,1.0,0.0,0.0,0.0,1.0,0.0
דניאל,31.3109,34.5931,13.0,0.0,1.0,0.0,0.0,0.0,0.0,0.0
ניר עוז,31.3097,34.4021,37.0,9.0,16.0,1.0,1.0,1.0,0.0,0.0
חירן,31.3096,34.9845,2.0,0.0,0.0,0.0,0.0,0.0,12.0,0.0
מתחם צומת שוקת,31.3095,34.8982,1.0,0.0,0.0,0.0,0.0,0.0,8.0,0.0
אורים,31.3041,34.5249,31.0,0.0,1.0,0.0,0.0,0.0,0.0,0.0
חורה,31.3004,34.9357,3.0,0.0,0.0,0.0,0.0,0.0,13.0,0.0
מגן,31.2987362,34.4269827,21.0,0.0,11.0,0.0,0.0,0.0,0.0,0.0
אל סייד,31.281719,34.916298,8.0,0.0,1.0,0.0,0.0,0.0,12.0,0.0
מרעית,31.2812,35.0534,7.0,0.0,0.0,0.0,0.0,0.0,16.0,0.0
עין הבשור,31.2809,34.4434,7.0,0.0,2.0,0.0,1.0,0.0,0.0,0.0
תל ערד,31.2782985,35.1266529,9.0,0.0,0.0,0.0,0.0,0.0,14.0,0.0
אום בטין,31.2767437,34.8829215,10.0,1.0,1.0,0.0,0.0,0.0,7.0,0.0
באר שבע - צפון,31.2698,34.8151,19.0,2.0,2.0,0.0,0.0,0.0,7.0,1.0
עומר,31.2643,34.8499,13.0,1.0,1.0,0.0,0.0,0.0,7.0,0.0
ערד,31.2614,35.2149,1.0,0.0,0.0,0.0,0.0,0.0,15.0,0.0
באר שבע - מערב,31.2612,34.7794,33.0,4.0,3.0,0.0,0.0,0.0,8.0,2.0
סעייה-מולדה,31.261071,34.975564,21.0,0.0,1.0,0.0,0.0,0.0,12.0,0.0
כסייפה,31.249246,35.083681,16.0,0.0,1.0,0.0,0.0,0.0,16.0,0.0
עמיעוז,31.248463,34.413404,30.0,11.0,7.0,0.0,0.0,0.0,1.0,0.0
תל שבע,31.2476,34.8612,16.0,1.0,2.0,0.0,0.0,0.0,12.0,0.0
ישע,31.247595,34.403091,30.0,11.0,7.0,0.0,0.0,0.0,1.0,0.0
מבטחים,31.242423,34.407488,30.0,11.0,7.0,0.0,0.0,0.0,1.0,0.0
באר שבע - דרום,31.2413,34.7711,38.0,4.0,3.0,0.0,0.0,0.0,9.0,2.0
חצרים,31.2406,34.7174,24.0,3.0,3.0,0.0,0.0,1.0,6.0,2.0
אוהד,31.238436,34.431893,9.0,2.0,2.0,0.0,0.0,0.0,1.0,0.0
סופה,31.2383,34.342,53.0,13.0,21.0,1.0,0.0,0.0,0.0,1.0
צוחר,31.23717,34.426444,9.0,2.0,2.0,0.0,0.0,0.0,1.0,0.0
ניר יצחק,31.236,34.3567,27.0,8.0,15.0,0.0,0.0,0.0,0.0,0.0
באר שבע - מזרח,31.2345,34.8201,25.0,4.0,2.0,0.0,0.0,0.0,9.0,0.0
חולית,31.2306,34.3273,34.0,10.0,9.0,2.0,0.0,0.0,0.0,2.0
שדה ניצן,31.23,34.4184,6.0,4.0,1.0,0.0,0.0,0.0,1.0,0.0
תלמי אליהו,31.2296,34.4291,3.0,2.0,0.0,0.0,0.0,0.0,1.0,0.0
אל פורעה,31.2288086748377,35.1645333856259,7.0,0.0,1.0,0.0,0.0,0.0,16.0,0.0
כרם שלום,31.2283,34.2846,38.0,8.0,7.0,0.0,0.0,0.0,0.0,11.0
פרי גן,31.222,34.3559,15.0,3.0,4.0,0.0,0.0,0.0,0.0,0.0
נבטים,31.2198,34.8825,10.0,1.0,1.0,0.0,0.0,0.0,13.0,0.0
שדה אברהם,31.2116,34.3357,11.0,1.0,4.0,0.0,0.0,0.0,0.0,1.0
גבולות,31.2112,34.4662,3.0,0.0,0.0,0.0,0.0,0.0,0.0,0.0
יתד,31.207,34.3261,11.0,1.0,3.0,1.0,0.0,0.0,0.0,1.0
צאלים,31.2039,34.5334,12.0,0.0,0.0,0.0,0.0,0.0,1.0,0.0
עין בוקק,31.2002,35.3625,0.0,0.0,0.0,0.0,0.0,0.0,7.0,0.0
תלמי יוסף,31.2,34.3638,6.0,0.0,1.0,0.0,0.0,0.0,0.0,0.0
שגב שלום,31.198361,34.839665,15.0,3.0,1.0,0.0,0.0,0.0,11.0,0.0
דקל,31.196642,34.34709,8.0,0.0,1.0,0.0,0.0,0.0,0.0,1.0
אבשלום,31.1954,34.3312,9.0,1.0,1.0,0.0,0.0,0.0,0.0,1.0
יבול,31.1895,34.319,10.0,1.0,0.0,1.0,0.0,0.0,0.0,0.0
מלונות ים המלח מרכז,31.1803,35.3645,0.0,0.0,0.0,0.0,0.0,0.0,9.0,0.0
שלומית,31.1697,34.3032,10.0,0.0,0.0,1.0,0.0,0.0,0.0,1.0
בתי מלון ים המלח,31.1691,35.3673,0.0,0.0,0.0,0.0,0.0,0.0,9.0,0.0
אל עמארני,31.1677931042934,34.9696354865507,0.0,0.0,0.0,0.0,0.0,0.0,1.0,0.0
ערערה בנגב,31.1561,35.023,18.0,0.0,0.0,0.0,0.0,0.0,16.0,0.0
נווה זוהר,31.1521,35.3648,0.0,0.0,0.0,0.0,0.0,0.0,7.0,0.0
בני נצרים,31.1435,34.3164,12.0,0.0,0.0,0.0,0.0,0.0,0.0,0.0
אבו תלול,31.142612,34.913514,27.0,2.0,2.0,0.0,0.0,0.0,11.0,0.0
ואדי אל נעם דרום,31.1413,34.8265,8.0,1.0,1.0,0.0,0.0,0.0,13.0,0.0
אבו קרינאת,31.103115,34.952003,6.0,0.0,0.0,0.0,0.0,0.0,11.0,0.0
קצר-א-סיר,31.083329,34.979579,5.0,0.0,0.0,0.0,0.0,0.0,11.0,0.0
דימונה,31.0694,35.0334,2.0,0.0,0.0,0.0,0.0,0.0,8.0,0.0
אזור תעשייה דימונה,31.0646,35.0188,1.0,0.0,0.0,0.0,0.0,0.0,4.0,0.0
אזור תעשייה רותם,31.06,35.1949,0.0,0.0,0.0,0.0,0.0,0.0,5.0,0.0
רתמים,31.054,34.6909,0.0,0.0,0.0,0.0,0.0,0.0,2.0,0.0
רביבים,31.0452,34.7211,0.0,0.0,0.0,0.0,0.0,0.0,2.0,0.0
ממשית,31.0345,35.0478,3.0,0.0,0.0,0.0,0.0,0.0,3.0,0.0
'ביר הדאג,31.02316,34.709138,0.0,0.0,0.0,0.0,0.0,0.0,2.0,0.0
משאבי שדה,31.004,34.785,0.0,0.0,0.0,0.0,0.0,0.0,4.0,0.0
טללים,30.9915,34.7713,0.0,0.0,0.0,0.0,0.0,0.0,3.0,0.0
ירוחם,30.9878,34.9297,1.0,0.0,0.0,0.0,0.0,0.0,1.0,0.0
אשלים,30.9642,34.6997,0.0,0.0,0.0,0.0,0.0,0.0,2.0,0.0
עין תמר,30.9436,35.3741,0.0,0.0,0.0,0.0,0.0,0.0,3.0,0.0
באר מילכה,30.9341,34.4056,0.0,0.0,0.0,0.0,0.0,0.0,1.0,0.0
נאות הכיכר,30.9334,35.3781,0.0,0.0,0.0,0.0,0.0,0.0,3.0,0.0
אורון תעשייה ומסחר,30.9115,35.0177,0.0,0.0,0.0,0.0,0.0,0.0,2.0,0.0
כמהין,30.9103,34.4307,0.0,0.0,0.0,0.0,0.0,0.0,1.0,0.0
קדש ברנע,30.9034,34.3967,0.0,0.0,0.0,0.0,0.0,0.0,1.0,0.0
מרחב עם,30.888,34.8282,0.0,0.0,0.0,0.0,0.0,0.0,2.0,0.0
ניצנה,30.886,34.4226,1.0,0.0,0.0,0.0,0.0,0.0,1.0,0.0
שדה בוקר,30.8736,34.7931,0.0,0.0,0.0,0.0,0.0,0.0,2.0,0.0
מדרשת בן גוריון,30.8523,34.7834,2.0,0.0,0.0,0.0,0.0,0.0,1.0,0.0
שאנטי במדבר,30.8333,34.7366,4.0,0.0,0.0,0.0,0.0,0.0,1.0,0.0
עיר אובות,30.809,35.2444,0.0,0.0,0.0,0.0,0.0,0.0,2.0,0.0
עידן,30.8063,35.2999,0.0,0.0,0.0,0.0,0.0,0.0,1.0,0.0
עין חצבה,30.7972,35.2453,0.0,0.0,0.0,0.0,0.0,0.0,1.0,0.0
עבדת,30.7923,34.7687,3.0,0.0,0.0,0.0,0.0,0.0,1.0,0.0
חצבה,30.7679,35.2785,0.0,0.0,0.0,0.0,0.0,0.0,1.0,0.0
כושי רמון,30.3066,35.1346,0.0,0.0,0.0,0.0,0.0,0.0,1.0,0.0
שיטים,30.1764,35.0167,0.0,1.0,0.0,0.0,0.0,0.0,0.0,0.0
יהל,30.0842,35.1284,0.0,1.0,0.0,0.0,0.0,0.0,0.0,0.0
נאות סמדר,30.0491,35.0281,0.0,1.0,0.0,0.0,0.0,0.0,0.0,0.0
נווה חריף,30.0398,35.0365,0.0,1.0,0.0,0.0,0.0,0.0,0.0,0.0
לוטן,29.9883,35.0868,0.0,1.0,0.0,0.0,0.0,0.0,0.0,0.0
קטורה,29.9709,35.0614,0.0,1.0,0.0,0.0,0.0,0.0,0.0,0.0
גרופית,29.9416,35.0647,0.0,1.0,0.0,0.0,0.0,0.0,0.0,0.0
שחרות,29.9041,34.9992,0.0,1.0,0.0,0.0,0.0,0.0,0.0,0.0
יטבתה,29.8963,35.0592,0.0,1.0,0.0,0.0,0.0,0.0,0.0,0.0
חי-בר יטבתה,29.8462,35.0294,0.0,1.0,0.0,0.0,0.0,0.0,0.0,0.0
אזור תעשייה שחורת,29.5979,34.9719,1.0,2.0,0.0,0.0,2.0,0.0,4.0,1.0
אילות,29.5805,34.963,1.0,4.0,1.0,0.0,2.0,0.0,4.0,1.0
אילת,29.5577,34.9519,1.0,7.0,1.0,1.0,2.0,1.0,4.0,1.0
